newSampleName,SeqID,Sample_ID,Status,SampleName,PIN,AgeAtDeath,APOE,TMEM106B_rs1990622,TMEM106B_rs3173615,RIN,Batch,Diagnosis,CD68,IBA1,AT8,NeuN,AGE,CTE_STAGE,PathAD,PathLBD,footyrs,agecogsx,totyrs,afe,sport,DementiaHx,Race_Self_Report,retyears,Abeta42,Abeta42Log,AT8Log,File,Year,Core_ID,Total_Reads_.M.,ng.?l,TMEM,nmf_subtypes,Hap1,Hap2,H1B1G1,H1B1G2,H1B1G3,H1B1G4,H1B2G1,H1B3G1,H2A1G2,rs6910507,race
BVAX081,20,CNTL_0020,CNT,BVAX081,NA,83,23,T:T,NA,8.7,1,CNT,97.72214586,174.4754013,358.8486174,820.3138572,83,NA,NA,NA,NA,NA,NA,NA,NA,0,NA,NA,NA,NA,2.554911277,CNTL-0020_HTSeq_genecounts.tsv,2018,CNTL_0020,NA,NA,NA,0,NA,NA,NA,NA,NA,NA,NA,NA,NA,NA,NA
BVAX135,70,CNTL_0070,CNT,BVAX135,NA,90,33,C:C,NA,7.6,3,CNT,22.55368497,193.722539,873.54047,627.3083366,90,NA,NA,NA,NA,NA,NA,NA,NA,0,NA,NA,NA,NA,2.94128303,CNTL-0070_HTSeq_genecounts.tsv,2018,CNTL_0070,NA,NA,NA,0,NA,NA,NA,NA,NA,NA,NA,NA,NA,NA,NA
BVAX136,21,CNTL_0021,CNT,BVAX136,NA,94,33,T:T,NA,7,1,CNT,205.3358961,195.0274784,1573.504764,667.8928965,94,NA,NA,NA,NA,NA,NA,NA,NA,0,NA,NA,NA,NA,3.196868062,CNTL-0021_HTSeq_genecounts.tsv,2018,CNTL_0021,NA,NA,NA,0,NA,NA,NA,NA,NA,NA,NA,NA,NA,NA,NA
BVAX140,69,CNTL_0069,CNT,BVAX140,NA,67,34,T:T,NA,9,3,CNT,85.41923494,94.85790991,619.4437026,NA,67,NA,NA,NA,NA,NA,NA,NA,NA,0,NA,NA,NA,NA,2.792001842,CNTL-0069_HTSeq_genecounts.tsv,2018,CNTL_0069,NA,NA,NA,0,NA,NA,NA,NA,NA,NA,NA,NA,NA,NA,NA
BVAX258,19,CNTL_0019,CNT,BVAX258,NA,57,23,T:T,NA,4,1,CNT,183.0754826,NA,1225.574044,NA,57,NA,NA,NA,NA,NA,NA,NA,NA,0,NA,NA,NA,NA,3.088339554,CNTL-0019_HTSeq_genecounts.tsv,2018,CNTL_0019,NA,NA,NA,0,NA,NA,NA,NA,NA,NA,NA,NA,NA,NA,NA
BVAX288,43,CNTL_0043,CNT,BVAX288,NA,63,22,C:C,NA,7.7,2,CNT,88.13585181,186.1796923,293.3658978,NA,63,NA,NA,NA,NA,NA,NA,NA,NA,0,NA,NA,NA,NA,2.467409628,CNTL-0043_HTSeq_genecounts.tsv,2018,CNTL_0043,NA,NA,NA,0,NA,NA,NA,NA,NA,NA,NA,NA,NA,NA,NA
BVAX363,45,CNTL_0045,CNT,BVAX363,NA,91,33,C:T,NA,4.4,2,CNT,259.4072498,129.035988,583.6657406,NA,91,NA,NA,NA,NA,NA,NA,NA,NA,0,NA,NA,NA,NA,2.766164202,CNTL-0045_HTSeq_genecounts.tsv,2018,CNTL_0045,NA,NA,NA,0,NA,NA,NA,NA,NA,NA,NA,NA,NA,NA,NA
K-0002,0,RHIN_0000,RHI,K-0002,9879,70,33,C:T,CG,7.3,1,RHI,110.8529864,141.1369445,731.8259962,616.6772587,70,0,0,1,14,62,14,12,1,1,2,44,2.030618013,0.307628234,2.864407833,RHIN-0000_HTSeq_genecounts.tsv,2018,RHIN_0000,NA,NA,NA,0,H1B1G1,H1B1G2,1,1,0,0,0,0,0,0,2
K-0018,55,CTES_0055,CTE_34,K-0018,9463,70,34,C:T,CG,4.7,3,CTES,162.884805,NA,1755.52165,494.0785582,70,3,0,1,15,60,15,16,1,1,1,39,NA,NA,3.24440619,CTES-0055_HTSeq_genecounts.tsv,2018,CTES_0055,NA,NA,NA,2,H1B1G2,H1B1G1,1,1,0,0,0,0,0,0,1
K-0021,59,CTES_0059,CTE_34,K-0021,7222,68,33,C:T,CG,4.8,3,CTES,179.8792007,179.3705774,28374.42497,389.3719157,68,4,0,1,19,63,19,14,1,0,1,35,30.78950216,1.488402667,4.452927069,CTES-0059_HTSeq_genecounts.tsv,2018,CTES_0059,NA,NA,NA,3,H1B2G1,H2A1G2,0,0,0,0,1,0,1,0,1
K-0037,32,CTES_0032,CTE_34,K-0037,9779,73,33,C:T,CG,6.1,2,CTES,113.7931211,NA,17153.83156,NA,73,3,0,1,11,68,12,15,1,1,1,46,9.246164257,0.965961604,4.234361141,CTES-0032_HTSeq_genecounts.tsv,2018,CTES_0032,NA,NA,NA,3,H1B2G1,H1B1G1,1,0,0,0,1,0,0,0,1
K-0038,49,RHIN_0049,RHI,K-0038,7400,55,34,T:T,C,4.7,3,RHI,170.6802223,125.7237828,916.3634737,425.145712,55,0,0,1,11,46,11,5,1,0,1,39,15.49876836,1.190297188,2.96206777,RHIN-0049_HTSeq_genecounts.tsv,2018,RHIN_0049,NA,NA,NA,0,H1B1G1,H1B2G1,1,0,0,0,1,0,0,0,1
K-0039,30,CTES_0030,CTE_34,K-0039,7515,76,33,C:C,G,4.4,2,CTES,141.2340612,63.23124237,16707.73848,407.7751849,76,3,0,1,15,64,15,13,1,1,2,48,190.4122527,2.279694891,4.222917669,CTES-0030_HTSeq_genecounts.tsv,2018,CTES_0030,NA,NA,NA,2,H1B1G2,H1B1G2,0,2,0,0,0,0,0,1,2
K-0049,37,CTES_0037,CTE_34,K-0049,7403,87,33,C:T,CG,4.5,2,CTES,200.0031533,22.85520464,29168.0491,NA,87,4,0,2,11,62,11,16,1,1,1,60,1331.244453,3.124257811,4.464907382,CTES-0037_HTSeq_genecounts.tsv,2018,CTES_0037,NA,NA,NA,3,H1B2G1,H1B1G1,1,0,0,0,1,0,0,0,1
K-0053,71,CTES_0071,CTE_34,K-0053,8442,84,33,NA,CG,7.3,3,CTES,189.4851594,105.4330676,15311.94731,519.2786596,84,4,0,1,10,76,10,8,1,1,1,66,1387.410709,3.142205042,4.185030426,CTES-0071_HTSeq_genecounts.tsv,2018,CTES_0071,NA,NA,NA,2,NA,NA,NA,NA,NA,NA,NA,NA,NA,NA,1
K-0057,56,CTES_0056,CTE_34,K-0057,8961,70,34,C:T,CG,8.3,3,CTES,249.6737857,222.073277,12608.30912,373.999867,70,3,0,1,NA,30,25,10,2,1,1,35,1446.11239,3.160202047,4.100656848,CTES-0056_HTSeq_genecounts.tsv,2018,CTES_0056,NA,NA,NA,3,H1B1G1,H2A2G2,1,0,0,0,0,0,0,0,1
K-0063,9,CTES_0009,CTE_34,K-0063,7707,83,34,T:T,C,6.5,1,CTES,185.7403028,249.4620166,225908.3451,135.4885981,83,4,0,1,12,63,12,13,1,1,1,58,1412.93273,3.150121485,5.353932274,CTES-0009_HTSeq_genecounts.tsv,2018,CTES_0009,NA,NA,NA,1,H1B1G1,H2A1G2,1,0,0,0,0,0,1,0,1
K-0066,66,CTES_0066,CTE_34,K-0066,7813,69,34,C:C,G,7.3,3,CTES,NA,NA,266182.454,NA,67,4,1,1,14,55,14,6,1,1,1,49,1396.364377,3.144998761,5.425179425,CTES-0066_HTSeq_genecounts.tsv,2018,CTES_0066,NA,NA,NA,3,H2A1G2,H1B1G1,1,0,0,0,0,0,1,0,1
K-0067,34,CTES_0034,CTE_34,K-0067,9043,80,34,C:T,CG,7,2,CTES,189.4516282,161.7791441,37107.94165,160.4364297,84,4,0,1,20,81,20,12,1,1,1,52,1552.72618,3.191094876,4.569466865,CTES-0034_HTSeq_genecounts.tsv,2018,CTES_0034,NA,NA,NA,3,H1B2G1,H2A1G2,0,0,0,0,1,0,1,0,1
K-0068,53,RHIN_0053,RHI,K-0068,9614,21,33,T:T,C,8.4,3,RHI,115.1181955,119.6984538,217.4965882,527.9887998,21,0,0,1,NA,NA,5,15,5,0,7,1,4.432403357,0.646639275,2.337452449,RHIN-0053_HTSeq_genecounts.tsv,2018,RHIN_0053,NA,NA,NA,0,H1B1G1,H2A2G2,1,0,0,0,0,0,0,0,6
K-0072,3,CTEM_0003,CTE_12,K-0072,6202,25,34,C:C,CG,7.3,1,CTEM,121.8974488,118.4951373,532.370978,486.1898527,25,1,0,1,18,20,18,6,1,0,2,1,4.519570275,0.655097144,2.726214372,CTEM-0003_HTSeq_genecounts.tsv,2018,CTEM_0003,NA,NA,NA,2,H1B1G1,H1B1G2,1,1,0,0,0,0,0,1,2
K-0075,72,CTES_0072,CTE_34,K-0075,6749,77,44,C:T,CG,5.3,3,CTES,198.8647422,203.975079,119871.3162,637.405224,77,4,1,1,19,41,19,12,1,1,1,46,1475.680178,3.168992244,5.078715274,CTES-0072_HTSeq_genecounts.tsv,2018,CTES_0072,NA,NA,NA,2,H1B1G1,H1B1G1,2,0,0,0,0,0,0,0,1
K-0077,60,CTES_0060,CTE_34,K-0077,7737,65,33,C:T,CG,4.8,3,CTES,279.8925229,180.3106855,57246.38571,506.2658776,65,4,0,1,7,49,7,16,1,1,1,42,122.9787197,2.089829967,4.757748072,CTES-0060_HTSeq_genecounts.tsv,2018,CTES_0060,NA,NA,NA,3,H1B2G1,H1B1G1,1,0,0,0,1,0,0,1,1
K-0078,75,RHIN_0075,RHI,K-0078,7394,86,33,C:T,CG,5.3,4,RHI,150.1138248,185.4280712,NA,345.105671,86,0,0,1,NA,NA,NA,NA,NA,1,1,NA,NA,NA,NA,RHIN-0075_HTSeq_genecounts.tsv,2018,RHIN_0075,NA,NA,NA,0,NA,NA,NA,NA,NA,NA,NA,NA,NA,NA,1
K-0082,14,CTES_0014,CTE_34,K-0082,8020,76,24,T:T,C,4.6,1,CTES,285.0906169,96.60697622,447766.0765,NA,76,4,1,1,20,66,20,12,1,1,1,44,1451.184045,3.161722495,5.651051188,CTES-0014_HTSeq_genecounts.tsv,2018,CTES_0014,NA,NA,NA,1,H1B2G1,H1B1G1,1,0,0,0,1,0,0,0,1
K-0083,48,CTES_0048,CTE_34,K-0083,6443,76,34,T:T,C,6.7,2,CTES,208.7529085,111.2142043,19929.84672,278.7022037,76,4,0,1,12,72,12,15,1,1,1,49,1532.112327,3.185290607,4.299503959,CTES-0048_HTSeq_genecounts.tsv,2018,CTES_0048,NA,NA,NA,3,H1B1G1,H1B1G2,1,1,0,0,0,0,0,0,1
K-0084,10,CTES_0010,CTE_34,K-0084,8997,60,33,C:C,G,7,1,CTES,546.7834694,320.1814575,112139.436,309.6292192,60,4,0,1,22,56,22,7,1,1,2,31,4.995572296,0.698585248,5.049758367,CTES-0010_HTSeq_genecounts.tsv,2018,CTES_0010,NA,NA,NA,1,H1B1G2,H1B1G1,1,1,0,0,0,0,0,0,2
K-0085,22,CTES_0022,CTE_34,K-0085,8850,71,33,C:C,G,5.5,1,CTES,121.2455167,102.3945106,2094.088891,NA,70,3,0,1,18,68,18,10,1,1,2,43,16.34670653,1.213430266,3.320995113,CTES-0022_HTSeq_genecounts.tsv,2018,CTES_0022,NA,NA,NA,2,H1B1G1,H1B1G1,2,0,0,0,0,0,0,1,2
K-0086,8,CTES_0008,CTE_34,K-0086,6665,76,33,C:T,CG,6.6,1,CTES,NA,NA,NA,NA,76,4,1,1,NA,47,20,13,3,1,3,43,1478.096151,3.169702686,NA,CTES-0008_HTSeq_genecounts.tsv,2018,CTES_0008,NA,NA,NA,3,H1B1G1,H1B1G1,2,0,0,0,0,0,0,0,5
K-0088,78,CTEM_0078,CTE_12,K-0088,6855,29,33,NA,CG,8.4,4,CTEM,179.3328042,154.3011514,747.1113243,NA,29,2,0,1,15,16,15,6,1,0,1,8,NA,NA,2.873385319,CTEM-0078_HTSeq_genecounts.tsv,2018,CTEM_0078,NA,NA,NA,1,NA,NA,NA,NA,NA,NA,NA,NA,NA,NA,1
K-0093,25,CTEM_0025,CTE_12,K-0093,6285,66,33,T:T,C,5.1,2,CTEM,154.6387715,99.91897359,1529.157998,350.6871082,66,2,0,1,6,63,6,15,1,0,1,45,22.32473074,1.348786229,3.18445236,CTEM-0025_HTSeq_genecounts.tsv,2018,CTEM_0025,NA,NA,NA,2,H1B1G1,H1B2G1,1,0,0,0,1,0,0,0,1
K-0103,6,CTES_0006,CTE_34,K-0103,8656,77,23,T:T,C,7.2,1,CTES,99.51297253,129.2434867,17418.31978,NA,77,3,0,1,14,75,14,13,1,1,1,50,774.0535181,2.888770989,4.24100626,CTES-0006_HTSeq_genecounts.tsv,2018,CTES_0006,NA,NA,NA,3,H2A2G2,H1B1G2,0,1,0,0,0,0,0,0,1
K-0105,44,CNTL_0044,CNT,K-0105,NA,89,33,NA,NA,7.8,2,CNT,210.221838,255.8580287,376.5327952,359.4883569,89,0,0,1,NA,NA,NA,NA,NA,1,NA,NA,NA,NA,2.575802808,CNTL-0044_HTSeq_genecounts.tsv,2018,CNTL_0044,NA,NA,NA,0,NA,NA,NA,NA,NA,NA,NA,NA,NA,NA,NA
K-0107,84,CNTL_0084,CNT,K-0107,NA,80,23,NA,NA,6.9,4,CNT,NA,NA,318.6929757,216.446022,80,0,0,1,NA,NA,NA,NA,NA,NA,NA,NA,NA,NA,2.503372491,CNTL-0084_HTSeq_genecounts.tsv,2018,CNTL_0084,NA,NA,NA,0,NA,NA,NA,NA,NA,NA,NA,NA,NA,NA,NA
K-0119,33,CTES_0033,CTE_34,K-0119,7125,82,44,C:T,CG,6.3,2,CTES,207.673432,170.97651,18729.34515,421.8534419,80,3,1,1,10,60,10,14,1,1,1,58,1367.021724,3.135775416,4.272522593,CTES-0033_HTSeq_genecounts.tsv,2018,CTES_0033,NA,NA,NA,2,H1B2G1,H1B2G1,0,0,0,0,2,0,0,0,1
K-0122,63,CTES_0063,CTE_34,K-0122,7506,83,34,C:T,CG,5.2,3,CTES,148.119615,143.1449712,36822.54191,130.2823869,83,4,0,2,11,77,11,12,1,1,1,60,876.3292911,2.942667328,4.566113765,CTES-0063_HTSeq_genecounts.tsv,2018,CTES_0063,NA,NA,NA,3,H1B2G1,H1B1G1,1,0,0,0,1,0,0,0,1
K-0125,26,CTEM_0026,CTE_12,K-0125,7243,71,34,C:T,CG,5.1,2,CTEM,159.0185639,150.5979004,802.486376,565.5230867,71,2,0,1,10,69,10,15,1,1,1,46,321.6519056,2.507386129,2.904437668,CTEM-0026_HTSeq_genecounts.tsv,2018,CTEM_0026,NA,NA,NA,2,H1B1G3,H1B1G1,1,0,1,0,0,0,0,0,1
K-0133,58,CTES_0058,CTE_34,K-0133,8140,78,33,NA,C,5.8,3,CTES,217.5639775,148.5383805,549.6296257,223.9736342,78,3,0,2,8,67,8,15,1,1,1,55,88.90518943,1.948927112,2.740070134,CTES-0058_HTSeq_genecounts.tsv,2018,CTES_0058,NA,NA,NA,3,NA,NA,NA,NA,NA,NA,NA,NA,NA,NA,1
K-0138,39,CTES_0039,CTE_34,K-0138,6623,87,34,C:C,G,5.7,2,CTES,304.3866639,219.9805098,140675.8186,NA,87,4,1,1,8,70,8,15,1,1,1,64,779.294733,2.891701741,5.148219451,CTES-0039_HTSeq_genecounts.tsv,2018,CTES_0039,NA,NA,NA,3,H2A2G2,H2A1G2,0,0,0,0,0,0,1,0,1
K-0140,5,CTEM_0005,CTE_12,K-0140,7155,64,34,T:T,C,4,1,CTEM,147.7038467,163.7188245,13476.90753,130.0963445,64,2,0,1,9,28,9,14,1,1,1,41,445.3635036,2.648714625,4.129590248,CTEM-0005_HTSeq_genecounts.tsv,2018,CTEM_0005,NA,NA,NA,2,H1B2G1,H2A1G2,0,0,0,0,1,0,1,0,1
K-0148,80,CTES_0080,CTE_34,K-0148,9156,87,22,T:T,C,8.5,4,CTES,271.6632412,201.9410715,8623.417396,NA,87,4,0,1,19,70,19,16,1,1,1,52,4.071732447,0.609779233,3.935679408,CTES-0080_HTSeq_genecounts.tsv,2018,CTES_0080,NA,NA,NA,3,H1B1G1,H2A1G2,1,0,0,0,0,0,1,0,1
K-0177,82,CTES_0082,CTE_34,K-0177,7169,65,23,C:C,G,7.8,4,CTES,NA,NA,501.3671382,535.3385759,65,3,0,1,17,63,17,13,1,0,2,35,4.021893107,0.604430524,2.700155865,CTES-0082_HTSeq_genecounts.tsv,2018,CTES_0082,NA,NA,NA,2,H1B1G1,H1B1G2,1,1,0,0,0,0,0,0,2
K-0183,85,CNTL_0085,CNT,K-0183,NA,89,33,NA,NA,8,4,CNT,248.6165491,250.6393402,646.076952,NA,89,0,0,1,NA,NA,NA,NA,NA,0,1,NA,NA,NA,2.810284248,CNTL-0085_HTSeq_genecounts.tsv,2018,CNTL_0085,NA,NA,NA,0,NA,NA,NA,NA,NA,NA,NA,NA,NA,NA,NA
K-0204,68,CTES_0068,CTE_34,K-0204,8039,69,33,NA,NA,6.3,3,CTES,303.5223769,NA,554069.9901,383.3065953,69,4,1,1,9,59,9,11,1,1,1,49,1594.91279,3.202736941,5.743564628,CTES-0068_HTSeq_genecounts.tsv,2018,CTES_0068,NA,NA,NA,3,H1B1G1,H1B1G1,2,0,0,0,0,0,0,0,1
K-0220,4,CTEM_0004,CTE_12,K-0220,8655,82,NA,NA,NA,8.3,1,CTEM,221.7999399,234.550781,NA,134.572724,82,1,0,1,12,81,12,13,1,0,1,57,2183.343813,3.33912213,NA,CTEM-0004_HTSeq_genecounts.tsv,2018,CTEM_0004,NA,NA,NA,3,H1B2G1,H2A1G2,0,0,0,0,1,0,1,0,1
K-0290,77,CTEM_0077,CTE_12,K-0290,NA,60,33,T:T,NA,6.2,4,CTEM,122.6707081,NA,NA,196.2473047,60,1,0,1,15,57,15,11,1,1,1,34,NA,NA,NA,CTEM-0077_HTSeq_genecounts.tsv,2018,CTEM_0077,NA,NA,NA,2,H1B2G1,H1B2G1,0,0,0,0,2,0,0,0,1
K-0302,17,CTES_0017,CTE_34,K-0302,NA,80,34,C:T,NA,5.3,1,CTES,NA,NA,182493.1992,161.9278402,80,4,1,1,4,69,25,10,2,1,1,45,NA,NA,5.261246685,CTES-0017_HTSeq_genecounts.tsv,2018,CTES_0017,NA,NA,NA,3,H1B1G1,H2A1G2,1,0,0,0,0,0,1,1,1
K-0304,42,CTES_0042,CTE_34,K-0304,NA,72,33,C:T,NA,5.5,2,CTES,NA,NA,90077.72784,135.8180166,72,4,1,1,15,70,15,13,1,1,1,44,NA,NA,4.954617423,CTES-0042_HTSeq_genecounts.tsv,2018,CTES_0042,NA,NA,NA,3,H2A1G2,H2A2G2,0,0,0,0,0,0,1,0,5
K-0307,83,CTES_0083,CTE_34,K-0307,NA,83,33,C:T,NA,4.3,4,CTES,NA,NA,68314.13831,105.2682764,83,4,1,2,12,81,12,20,1,1,1,51,NA,NA,4.834510595,CTES-0083_HTSeq_genecounts.tsv,2018,CTES_0083,NA,NA,NA,3,H1B1G1,H1B1G1,2,0,0,0,0,0,0,0,1
K-0309,18,CTES_0018,CTE_34,K-0309,NA,80,33,C:T,NA,7.1,1,CTES,NA,NA,33302.73176,273.3223418,80,4,1,1,10,65,10,11,1,1,1,59,NA,NA,4.522479859,CTES-0018_HTSeq_genecounts.tsv,2018,CTES_0018,NA,NA,NA,2,H1B1G1,H1B1G2,1,1,0,0,0,0,0,0,1
K-0310,NA,K-310,NA,K-310,NA,68,22,NA,NA,6.3,7,NA,NA,NA,NA,NA,68,2,NA,NA,NA,NA,NA,NA,NA,NA,NA,NA,NA,NA,NA,ST_AN_K-310_HTSeq_genecounts.tsv,2021,ST_AN_K-310,33.08056961,129,C:G,0,H1B1G2,H2A1G2,0,1,0,0,0,0,1,0,1
K-0312,NA,K-312,NA,K-312,NA,78,34,NA,NA,5.7,6,NA,NA,NA,NA,NA,78,4,NA,NA,NA,NA,NA,NA,NA,NA,NA,NA,NA,NA,NA,ST_AN_K-312_HTSeq_genecounts.tsv,2021,ST_AN_K-312,33.3651214,185,C:G,0,H1B1G1,H1B1G2,1,1,0,0,0,0,0,0,1
K-0316,NA,K-316,NA,K-316,NA,74,23,NA,NA,7.5,5,NA,NA,NA,NA,NA,74,0,NA,NA,NA,NA,NA,NA,NA,NA,NA,NA,NA,NA,NA,ST_AN_K-316_HTSeq_genecounts.tsv,2021,ST_AN_K-316,34.13546318,196,G:G,0,H1B1G1,H1B1G1,2,0,0,0,0,0,0,0,1
K-0322,NA,K-322,NA,K-322,NA,79,23,NA,NA,7.3,7,NA,NA,NA,NA,NA,79,0,NA,NA,NA,NA,NA,NA,NA,NA,NA,NA,NA,NA,NA,ST_AN_K-322_HTSeq_genecounts.tsv,2021,ST_AN_K-322,40.2214095,187,C:G,0,H1B1G1,H1B1G2,1,1,0,0,0,0,0,0,1
K-0327,NA,K-327,NA,K-327,NA,73,33,NA,NA,8.5,6,NA,NA,NA,NA,NA,73,4,NA,NA,NA,NA,NA,NA,NA,NA,NA,NA,NA,NA,NA,ST_AN_K-327_HTSeq_genecounts.tsv,2021,ST_AN_K-327,45.24188506,192,G:G,0,H1B1G1,H1B1G1,2,0,0,0,0,0,0,1,2
K-0330,NA,K-330,NA,K-330,NA,69,23,NA,NA,8.3,6,NA,NA,NA,NA,NA,69,0,NA,NA,NA,NA,NA,NA,NA,NA,NA,NA,NA,NA,NA,ST_AN_K-330_HTSeq_genecounts.tsv,2021,ST_AN_K-330,44.22519615,288,C:C,0,H1B1G1,H1B1G1,2,0,0,0,0,0,0,1,1
K-0334,NA,K-334,NA,K-334,NA,84,33,NA,NA,8.1,6,NA,NA,NA,NA,NA,84,2,NA,NA,NA,NA,NA,NA,NA,NA,NA,NA,NA,NA,NA,ST_AN_K-334_HTSeq_genecounts.tsv,2021,ST_AN_K-334,42.58510246,312,C:G,0,H1B1G1,H1B2G1,1,0,0,0,1,0,0,0,1
K-0335,NA,K-335,NA,K-335,NA,87,33,NA,NA,8.4,5,NA,NA,NA,NA,NA,87,3,NA,NA,NA,NA,NA,NA,NA,NA,NA,NA,NA,NA,NA,ST_AN_K-335_HTSeq_genecounts.tsv,2021,ST_AN_K-335,33.38810552,327,C:G,0,H1B1G1,H2A1G2,1,0,0,0,0,0,1,1,1
K-0340,NA,K-340,NA,K-340,NA,73,34,NA,NA,5.9,5,NA,NA,NA,NA,NA,73,4,NA,NA,NA,NA,NA,NA,NA,NA,NA,NA,NA,NA,NA,ST_AN_K-340_HTSeq_genecounts.tsv,2021,ST_AN_K-340,33.3183722,225,C:G,0,H1B1G1,H1B2G1,1,0,0,0,1,0,0,0,1
K-0341,NA,K-341,NA,K-341,NA,87,33,NA,NA,7.7,6,NA,NA,NA,NA,NA,87,4,NA,NA,NA,NA,NA,NA,NA,NA,NA,NA,NA,NA,NA,ST_AN_K-341_HTSeq_genecounts.tsv,2021,ST_AN_K-341,40.59375468,178,C:C,0,H2A2G2,H1B2G1,0,0,0,0,1,0,0,1,1
K-0348,NA,K-348,NA,K-348,NA,88,24,NA,NA,7.7,6,NA,NA,NA,NA,NA,88,0,NA,NA,NA,NA,NA,NA,NA,NA,NA,NA,NA,NA,NA,ST_AN_K-348_HTSeq_genecounts.tsv,2021,ST_AN_K-348,37.10431502,313,C:G,0,H1B1G1,H2A1G2,1,0,0,0,0,0,1,0,1
K-0349,NA,K-349,NA,K-349,NA,64,24,NA,NA,7.3,7,NA,NA,NA,NA,NA,64,0,NA,NA,NA,NA,NA,NA,NA,NA,NA,NA,NA,NA,NA,ST_AN_K-349_HTSeq_genecounts.tsv,2021,ST_AN_K-349,49.92451673,247,C:G,0,H1B2G1,H1B1G1,1,0,0,0,1,0,0,0,1
K-0352,NA,K-352,NA,K-352,NA,80,34,NA,NA,6,7,NA,NA,NA,NA,NA,80,4,NA,NA,NA,NA,NA,NA,NA,NA,NA,NA,NA,NA,NA,ST_AN_K-352_HTSeq_genecounts.tsv,2021,ST_AN_K-352,35.40293776,244,C:G,0,H1B1G1,H1B1G2,1,1,0,0,0,0,0,0,1
K-0353,NA,K-353,NA,K-353,NA,47,33,NA,NA,8.1,7,NA,NA,NA,NA,NA,47,3,NA,NA,NA,NA,NA,NA,NA,NA,NA,NA,NA,NA,NA,ST_AN_K-353_HTSeq_genecounts.tsv,2021,ST_AN_K-353,39.86359694,286,C:C,0,H1B2G1,H1B1G1,1,0,0,0,1,0,0,0,1
K-0356,NA,K-356,NA,K-356,NA,62,24,NA,NA,8.5,7,NA,NA,NA,NA,NA,62,0,NA,NA,NA,NA,NA,NA,NA,NA,NA,NA,NA,NA,NA,ST_AN_K-356_HTSeq_genecounts.tsv,2021,ST_AN_K-356,43.32197647,256,C:C,0,H1B2G1,H1B1G1,1,0,0,0,1,0,0,0,4
K-0362,NA,K-362,NA,K-362,NA,79,33,NA,NA,6.2,7,NA,NA,NA,NA,NA,79,4,NA,NA,NA,NA,NA,NA,NA,NA,NA,NA,NA,NA,NA,ST_AN_K-362_HTSeq_genecounts.tsv,2021,ST_AN_K-362,32.86018591,126,C:C,0,H1B1G1,H1B1G2,1,1,0,0,0,0,0,0,1
K-0364,NA,K-364,NA,K-364,NA,59,33,NA,NA,6.8,7,NA,NA,NA,NA,NA,59,2,NA,NA,NA,NA,NA,NA,NA,NA,NA,NA,NA,NA,NA,ST_AN_K-364_HTSeq_genecounts.tsv,2021,ST_AN_K-364,40.20292115,244,C:C,0,H1B2G1,H1B1G1,1,0,0,0,1,0,0,0,1
K-0365,NA,K-365,NA,K-365,NA,80,33,NA,NA,7.7,7,NA,NA,NA,NA,NA,80,0,NA,NA,NA,NA,NA,NA,NA,NA,NA,NA,NA,NA,NA,ST_AN_K-365_HTSeq_genecounts.tsv,2021,ST_AN_K-365,37.5784813,343,C:G,0,H1B1G1,H1B2G1,1,0,0,0,1,0,0,0,1
K-0366,NA,K-366,NA,K-366,NA,78,33,NA,NA,8.5,5,NA,NA,NA,NA,NA,78,3,NA,NA,NA,NA,NA,NA,NA,NA,NA,NA,NA,NA,NA,ST_AN_K-366_HTSeq_genecounts.tsv,2021,ST_AN_K-366,33.55361558,364,G:G,0,H1B2G1,H1B1G3,0,0,1,0,1,0,0,1,1
K-0367,NA,K-367,NA,K-367,NA,74,33,NA,NA,7,5,NA,NA,NA,NA,NA,74,4,NA,NA,NA,NA,NA,NA,NA,NA,NA,NA,NA,NA,NA,ST_AN_K-367_HTSeq_genecounts.tsv,2021,ST_AN_K-367,32.83983675,262,C:C,0,H1B2G1,H2A1G2,0,0,0,0,1,0,1,0,1
K-0368,NA,K-368,NA,K-368,NA,77,33,NA,NA,7.2,7,NA,NA,NA,NA,NA,77,0,NA,NA,NA,NA,NA,NA,NA,NA,NA,NA,NA,NA,NA,ST_AN_K-368_HTSeq_genecounts.tsv,2021,ST_AN_K-368,41.57749768,241,G:G,0,H1B1G2,H1B1G1,1,1,0,0,0,0,0,0,1
K-0370,NA,K-370,NA,K-370,NA,60,33,NA,NA,6.5,6,NA,NA,NA,NA,NA,60,0,NA,NA,NA,NA,NA,NA,NA,NA,NA,NA,NA,NA,NA,ST_AN_K-370_HTSeq_genecounts.tsv,2021,ST_AN_K-370,38.69288227,131,C:G,0,H1B1G1,H1B1G2,1,1,0,0,0,0,0,1,1
K-0375,NA,K-375,NA,K-375,NA,80,33,NA,NA,6.9,5,NA,NA,NA,NA,NA,80,0,NA,NA,NA,NA,NA,NA,NA,NA,NA,NA,NA,NA,NA,ST_AN_K-375_HTSeq_genecounts.tsv,2021,ST_AN_K-375,37.25272469,215,C:G,0,H1B1G1,H2A2G2,1,0,0,0,0,0,0,0,1
K-0377,NA,K-377,NA,K-377,NA,81,33,NA,NA,7.5,5,NA,NA,NA,NA,NA,81,0,NA,NA,NA,NA,NA,NA,NA,NA,NA,NA,NA,NA,NA,ST_AN_K-377_HTSeq_genecounts.tsv,2021,ST_AN_K-377,33.93196467,249,C:G,0,H1B2G1,H1B1G1,1,0,0,0,1,0,0,0,1
K-0378,NA,K-378,NA,K-378,NA,89,33,NA,NA,7.9,5,NA,NA,NA,NA,NA,89,0,NA,NA,NA,NA,NA,NA,NA,NA,NA,NA,NA,NA,NA,ST_AN_K-378_HTSeq_genecounts.tsv,2021,ST_AN_K-378,36.70662344,213,C:C,0,H1B2G1,H1B1G1,1,0,0,0,1,0,0,0,1
K-0379,NA,K-379,NA,K-379,NA,35,33,NA,NA,7.7,7,NA,NA,NA,NA,NA,35,0,NA,NA,NA,NA,NA,NA,NA,NA,NA,NA,NA,NA,NA,ST_AN_K-379_HTSeq_genecounts.tsv,2021,ST_AN_K-379,39.1651832,418,C:G,0,H2A1G2,H1B1G3,0,0,1,0,0,0,1,0,1
K-0389,NA,K-389,NA,K-389,NA,90,33,NA,NA,6.9,5,NA,NA,NA,NA,NA,90,4,NA,NA,NA,NA,NA,NA,NA,NA,NA,NA,NA,NA,NA,ST_AN_K-389_HTSeq_genecounts.tsv,2021,ST_AN_K-389,33.46133169,301,C:G,0,H2A2G2,H1B1G1,1,0,0,0,0,0,0,1,1
K-0393,NA,K-393,NA,K-393,NA,46,33,NA,NA,8.3,7,NA,NA,NA,NA,NA,46,2,NA,NA,NA,NA,NA,NA,NA,NA,NA,NA,NA,NA,NA,ST_AN_K-393_HTSeq_genecounts.tsv,2021,ST_AN_K-393,39.94975143,205,C:C,0,H1B1G1,H2A1G2,1,0,0,0,0,0,1,0,1
K-0397,NA,K-397,NA,K-397,NA,35,33,NA,NA,7.9,6,NA,NA,NA,NA,NA,35,0,NA,NA,NA,NA,NA,NA,NA,NA,NA,NA,NA,NA,NA,ST_AN_K-397_HTSeq_genecounts.tsv,2021,ST_AN_K-397,37.9796427,270,C:G,0,H1B1G1,H2A1G2,1,0,0,0,0,0,1,0,1
K-0402,NA,K-402,NA,K-402,NA,58,34,NA,NA,7.2,5,NA,NA,NA,NA,NA,58,2,NA,NA,NA,NA,NA,NA,NA,NA,NA,NA,NA,NA,NA,ST_AN_K-402_HTSeq_genecounts.tsv,2021,ST_AN_K-402,33.7521836,268,C:C,0,H1B2G1,H1B1G3,0,0,1,0,1,0,0,1,1
K-0408,NA,K-408,NA,K-408,NA,61,33,NA,NA,8.5,5,NA,NA,NA,NA,NA,61,2,NA,NA,NA,NA,NA,NA,NA,NA,NA,NA,NA,NA,NA,ST_AN_K-408_HTSeq_genecounts.tsv,2021,ST_AN_K-408,34.71857863,169,C:G,0,H1B1G1,H1B1G2,1,1,0,0,0,0,0,0,2
K-0419,NA,K-419,NA,K-419,NA,73,33,NA,NA,7.7,6,NA,NA,NA,NA,NA,73,3,NA,NA,NA,NA,NA,NA,NA,NA,NA,NA,NA,NA,NA,ST_AN_K-419_HTSeq_genecounts.tsv,2021,ST_AN_K-419,33.75857333,361,C:G,0,H1B2G1,H1B2G1,0,0,0,0,2,0,0,0,1
K-0429,NA,K-429,NA,K-429,NA,71,33,NA,NA,7.4,5,NA,NA,NA,NA,NA,71,0,NA,NA,NA,NA,NA,NA,NA,NA,NA,NA,NA,NA,NA,ST_AN_K-429_HTSeq_genecounts.tsv,2021,ST_AN_K-429,35.1987823,283,C:C,0,H2A2G2,H1B2G1,0,0,0,0,1,0,0,0,1
K-0432,NA,K-432,NA,K-432,NA,62,33,NA,NA,7.7,6,NA,NA,NA,NA,NA,62,0,NA,NA,NA,NA,NA,NA,NA,NA,NA,NA,NA,NA,NA,ST_AN_K-432_HTSeq_genecounts.tsv,2021,ST_AN_K-432,40.60830688,301,C:C,0,H1B2G1,H2A1G2,0,0,0,0,1,0,1,0,1
K-0437,NA,K-437,NA,K-437,NA,79,33,NA,NA,7.6,6,NA,NA,NA,NA,NA,79,4,NA,NA,NA,NA,NA,NA,NA,NA,NA,NA,NA,NA,NA,ST_AN_K-437_HTSeq_genecounts.tsv,2021,ST_AN_K-437,40.13061406,238,C:G,0,H1B2G1,H1B1G1,1,0,0,0,1,0,0,0,1
K-0458,NA,K-458,NA,K-458,NA,65,24,NA,NA,8.3,5,NA,NA,NA,NA,NA,65,4,NA,NA,NA,NA,NA,NA,NA,NA,NA,NA,NA,NA,NA,ST_AN_K-458_HTSeq_genecounts.tsv,2021,ST_AN_K-458,33.06305657,255,C:G,0,H1B1G2,H1B1G1,1,1,0,0,0,0,0,1,1
K-0459,NA,K-459,NA,K-459,NA,99,33,NA,NA,7.2,7,NA,NA,NA,NA,NA,99,0,NA,NA,NA,NA,NA,NA,NA,NA,NA,NA,NA,NA,NA,ST_AN_K-459_HTSeq_genecounts.tsv,2021,ST_AN_K-459,46.27410204,218,C:C,0,H1B1G1,H1B2G1,1,0,0,0,1,0,0,0,1
K-0460,NA,K-460,NA,K-460,NA,88,33,NA,NA,7.6,6,NA,NA,NA,NA,NA,88,0,NA,NA,NA,NA,NA,NA,NA,NA,NA,NA,NA,NA,NA,ST_AN_K-460_HTSeq_genecounts.tsv,2021,ST_AN_K-460,46.76949542,259,G:G,0,H1B2G1,H1B2G1,0,0,0,0,2,0,0,0,1
K-0461,NA,K-461,NA,K-461,NA,76,34,NA,NA,7.1,7,NA,NA,NA,NA,NA,76,4,NA,NA,NA,NA,NA,NA,NA,NA,NA,NA,NA,NA,NA,ST_AN_K-461_HTSeq_genecounts.tsv,2021,ST_AN_K-461,48.0225049,318,C:G,0,H1B1G1,H1B1G1,2,0,0,0,0,0,0,0,1
K-0464,NA,K-464,NA,K-464,NA,65,33,NA,NA,6.4,7,NA,NA,NA,NA,NA,65,3,NA,NA,NA,NA,NA,NA,NA,NA,NA,NA,NA,NA,NA,ST_AN_K-464_HTSeq_genecounts.tsv,2021,ST_AN_K-464,41.46875563,395,C:G,0,H1B1G1,H1B1G1,2,0,0,0,0,0,0,0,1
K-0467,NA,K-467,NA,K-467,NA,89,33,NA,NA,7.5,6,NA,NA,NA,NA,NA,89,3,NA,NA,NA,NA,NA,NA,NA,NA,NA,NA,NA,NA,NA,ST_AN_K-467_HTSeq_genecounts.tsv,2021,ST_AN_K-467,37.67409162,252,C:C,0,H1B1G1,H1B1G1,2,0,0,0,0,0,0,0,1
K-0483,NA,K-483,NA,K-483,NA,53,33,NA,NA,8.4,7,NA,NA,NA,NA,NA,53,0,NA,NA,NA,NA,NA,NA,NA,NA,NA,NA,NA,NA,NA,ST_AN_K-483_HTSeq_genecounts.tsv,2021,ST_AN_K-483,43.67935915,300,C:G,0,H2A2G2,H1B2G1,0,0,0,0,1,0,0,1,1
K-0487,NA,K-487,NA,K-487,NA,49,34,NA,NA,7,5,NA,NA,NA,NA,NA,49,2,NA,NA,NA,NA,NA,NA,NA,NA,NA,NA,NA,NA,NA,ST_AN_K-487_HTSeq_genecounts.tsv,2021,ST_AN_K-487,34.44517523,216,C:G,0,H1B1G1,H2A2G2,1,0,0,0,0,0,0,0,1
K-0489,NA,K-489,NA,K-489,NA,51,33,NA,NA,5.9,5,NA,NA,NA,NA,NA,51,0,NA,NA,NA,NA,NA,NA,NA,NA,NA,NA,NA,NA,NA,ST_AN_K-489_HTSeq_genecounts.tsv,2021,ST_AN_K-489,37.70736292,308,C:G,0,H2A1G2,H2A2G2,0,0,0,0,0,0,1,0,1
K-0505,NA,K-505,NA,K-505,NA,79,33,NA,NA,7.9,7,NA,NA,NA,NA,NA,79,3,NA,NA,NA,NA,NA,NA,NA,NA,NA,NA,NA,NA,NA,ST_AN_K-505_HTSeq_genecounts.tsv,2021,ST_AN_K-505,43.57639484,234,G:G,0,H1B1G1,H1B1G1,2,0,0,0,0,0,0,0,1
K-0513,NA,K-513,NA,K-513,NA,61,33,NA,NA,7.8,6,NA,NA,NA,NA,NA,61,0,NA,NA,NA,NA,NA,NA,NA,NA,NA,NA,NA,NA,NA,ST_AN_K-513_HTSeq_genecounts.tsv,2021,ST_AN_K-513,45.44902451,233,C:G,0,H1B2G1,H1B2G1,0,0,0,0,2,0,0,0,1
K-0522,NA,K-522,NA,K-522,NA,38,33,NA,NA,7,6,NA,NA,NA,NA,NA,38,0,NA,NA,NA,NA,NA,NA,NA,NA,NA,NA,NA,NA,NA,ST_AN_K-522_HTSeq_genecounts.tsv,2021,ST_AN_K-522,45.67903759,302,C:G,0,H1B1G1,NA,NA,NA,NA,NA,NA,NA,NA,0,1
K-0536,NA,K-536,NA,K-536,NA,84,33,NA,NA,6.7,5,NA,NA,NA,NA,NA,84,0,NA,NA,NA,NA,NA,NA,NA,NA,NA,NA,NA,NA,NA,ST_AN_K-536_HTSeq_genecounts.tsv,2021,ST_AN_K-536,34.44470118,262,G:G,0,H1B1G1,H1B2G1,1,0,0,0,1,0,0,0,1
K-0540,NA,K-540,NA,K-540,NA,78,33,NA,NA,7.8,7,NA,NA,NA,NA,NA,78,4,NA,NA,NA,NA,NA,NA,NA,NA,NA,NA,NA,NA,NA,ST_AN_K-540_HTSeq_genecounts.tsv,2021,ST_AN_K-540,39.93242108,337,C:G,0,H1B1G2,H1B2G1,0,1,0,0,1,0,0,0,1
K-0543,NA,K-543,NA,K-543,NA,75,33,NA,NA,6,6,NA,NA,NA,NA,NA,75,0,NA,NA,NA,NA,NA,NA,NA,NA,NA,NA,NA,NA,NA,ST_AN_K-543_HTSeq_genecounts.tsv,2021,ST_AN_K-543,39.2399547,284,C:C,0,H2A1G2,H1B1G3,0,0,1,0,0,0,1,0,1
K-0545,NA,K-545,NA,K-545,NA,45,33,NA,NA,6.9,7,NA,NA,NA,NA,NA,45,0,NA,NA,NA,NA,NA,NA,NA,NA,NA,NA,NA,NA,NA,ST_AN_K-545_HTSeq_genecounts.tsv,2021,ST_AN_K-545,40.34209428,429,C:C,0,H1B2G1,H2A2G2,0,0,0,0,1,0,0,1,1
K-0547,NA,K-547,NA,K-547,NA,78,34,NA,NA,8.8,6,NA,NA,NA,NA,NA,78,2,NA,NA,NA,NA,NA,NA,NA,NA,NA,NA,NA,NA,NA,ST_AN_K-547_HTSeq_genecounts.tsv,2021,ST_AN_K-547,38.47411539,317,C:G,0,H1B2G1,H1B1G1,1,0,0,0,1,0,0,0,1
K-0548,NA,K-548,NA,K-548,NA,66,33,NA,NA,6.4,5,NA,NA,NA,NA,NA,66,0,NA,NA,NA,NA,NA,NA,NA,NA,NA,NA,NA,NA,NA,ST_AN_K-548_HTSeq_genecounts.tsv,2021,ST_AN_K-548,36.14935053,336,C:C,0,H1B2G1,H2A1G2,0,0,0,0,1,0,1,0,1
K-0551,NA,K-551,NA,K-551,NA,69,33,NA,NA,8.1,6,NA,NA,NA,NA,NA,69,1,NA,NA,NA,NA,NA,NA,NA,NA,NA,NA,NA,NA,NA,ST_AN_K-551_HTSeq_genecounts.tsv,2021,ST_AN_K-551,38.339725,313,C:C,0,H1B1G1,H2A1G2,1,0,0,0,0,0,1,0,1
K-0553,NA,K-553,NA,K-553,NA,61,33,NA,NA,7.1,5,NA,NA,NA,NA,NA,61,3,NA,NA,NA,NA,NA,NA,NA,NA,NA,NA,NA,NA,NA,ST_AN_K-553_HTSeq_genecounts.tsv,2021,ST_AN_K-553,35.75522481,285,C:G,0,H1B1G1,H2A1G2,1,0,0,0,0,0,1,0,1
K-0554,NA,K-554,NA,K-554,NA,62,33,NA,NA,7.1,7,NA,NA,NA,NA,NA,62,0,NA,NA,NA,NA,NA,NA,NA,NA,NA,NA,NA,NA,NA,ST_AN_K-554_HTSeq_genecounts.tsv,2021,ST_AN_K-554,36.02765249,346,C:G,0,H2A2G2,H1B1G1,1,0,0,0,0,0,0,0,1
K-0559,NA,K-559,NA,K-559,NA,68,24,NA,NA,7.8,7,NA,NA,NA,NA,NA,68,3,NA,NA,NA,NA,NA,NA,NA,NA,NA,NA,NA,NA,NA,ST_AN_K-559_HTSeq_genecounts.tsv,2021,ST_AN_K-559,45.15721479,269,G:G,0,H1B2G1,H1B2G1,0,0,0,0,2,0,0,0,1
K-0560,NA,K-560,NA,K-560,NA,75,33,NA,NA,6.6,5,NA,NA,NA,NA,NA,75,0,NA,NA,NA,NA,NA,NA,NA,NA,NA,NA,NA,NA,NA,ST_AN_K-560_HTSeq_genecounts.tsv,2021,ST_AN_K-560,33.19238571,293,C:G,0,H1B1G1,H1B1G1,2,0,0,0,0,0,0,0,1
K-0562,NA,K-562,NA,K-562,NA,71,33,NA,NA,6.1,7,NA,NA,NA,NA,NA,71,0,NA,NA,NA,NA,NA,NA,NA,NA,NA,NA,NA,NA,NA,ST_AN_K-562_HTSeq_genecounts.tsv,2021,ST_AN_K-562,33.31234445,218,C:C,0,H1B1G1,H2A1G2,1,0,0,0,0,0,1,1,1
K-0570,NA,K-570,NA,K-570,NA,80,33,NA,NA,6.4,6,NA,NA,NA,NA,NA,80,0,NA,NA,NA,NA,NA,NA,NA,NA,NA,NA,NA,NA,NA,ST_AN_K-570_HTSeq_genecounts.tsv,2021,ST_AN_K-570,36.1003518,316,G:G,0,H1B2G1,H1B2G1,0,0,0,0,2,0,0,0,1
K-0571,NA,K-571,NA,K-571,NA,68,33,NA,NA,6.2,6,NA,NA,NA,NA,NA,68,2,NA,NA,NA,NA,NA,NA,NA,NA,NA,NA,NA,NA,NA,ST_AN_K-571_HTSeq_genecounts.tsv,2021,ST_AN_K-571,34.15237977,408,C:G,0,H1B1G1,H1B1G1,2,0,0,0,0,0,0,0,1
K-0578,NA,K-578,NA,K-578,NA,76,33,NA,NA,6.1,5,NA,NA,NA,NA,NA,76,4,NA,NA,NA,NA,NA,NA,NA,NA,NA,NA,NA,NA,NA,ST_AN_K-578_HTSeq_genecounts.tsv,2021,ST_AN_K-578,34.6279671,266,C:G,0,H1B2G1,H1B1G1,1,0,0,0,1,0,0,1,1
K-0579,NA,K-579,NA,K-579,NA,88,33,NA,NA,7.5,7,NA,NA,NA,NA,NA,88,0,NA,NA,NA,NA,NA,NA,NA,NA,NA,NA,NA,NA,NA,ST_AN_K-579_HTSeq_genecounts.tsv,2021,ST_AN_K-579,43.90122918,251,C:G,0,H1B2G1,H1B1G2,0,1,0,0,1,0,0,0,1
K-0580,NA,K-580,NA,K-580,NA,83,33,NA,NA,7.1,6,NA,NA,NA,NA,NA,83,3,NA,NA,NA,NA,NA,NA,NA,NA,NA,NA,NA,NA,NA,ST_AN_K-580_HTSeq_genecounts.tsv,2021,ST_AN_K-580,40.98472614,263,G:G,0,H1B1G2,H1B1G1,1,1,0,0,0,0,0,1,1
K-0587,NA,K-587,NA,K-587,NA,62,33,NA,NA,7.4,6,NA,NA,NA,NA,NA,62,0,NA,NA,NA,NA,NA,NA,NA,NA,NA,NA,NA,NA,NA,ST_AN_K-587_HTSeq_genecounts.tsv,2021,ST_AN_K-587,37.3532539,277,C:G,0,H1B1G1,H1B1G2,1,1,0,0,0,0,0,0,2
K-0589,NA,K-589,NA,K-589,NA,51,33,NA,NA,8.6,5,NA,NA,NA,NA,NA,51,0,NA,NA,NA,NA,NA,NA,NA,NA,NA,NA,NA,NA,NA,ST_AN_K-589_HTSeq_genecounts.tsv,2021,ST_AN_K-589,34.28433955,250,G:G,0,H1B2G1,H1B1G1,1,0,0,0,1,0,0,0,1
K-0591,NA,K-591,NA,K-591,NA,86,33,NA,NA,5.2,6,NA,NA,NA,NA,NA,86,3,NA,NA,NA,NA,NA,NA,NA,NA,NA,NA,NA,NA,NA,ST_AN_K-591_HTSeq_genecounts.tsv,2021,ST_AN_K-591,36.59671789,184,C:G,0,H1B2G1,H1B1G1,1,0,0,0,1,0,0,1,1
K-0594,NA,K-594,NA,K-594,NA,40,34,NA,NA,8.4,6,NA,NA,NA,NA,NA,40,3,NA,NA,NA,NA,NA,NA,NA,NA,NA,NA,NA,NA,NA,ST_AN_K-594_HTSeq_genecounts.tsv,2021,ST_AN_K-594,45.10888555,365,C:G,0,H1B1G1,H2A1G2,1,0,0,0,0,0,1,0,1
K-0601,NA,K-601,NA,K-601,NA,54,33,NA,NA,6.1,6,NA,NA,NA,NA,NA,54,0,NA,NA,NA,NA,NA,NA,NA,NA,NA,NA,NA,NA,NA,ST_AN_K-601_HTSeq_genecounts.tsv,2021,ST_AN_K-601,33.49625406,247,C:C,0,H1B1G1,H1B1G1,2,0,0,0,0,0,0,0,1
K-0606,NA,K-606,NA,K-606,NA,69,33,NA,NA,6.6,5,NA,NA,NA,NA,NA,69,0,NA,NA,NA,NA,NA,NA,NA,NA,NA,NA,NA,NA,NA,ST_AN_K-606_HTSeq_genecounts.tsv,2021,ST_AN_K-606,36.02372754,245,C:G,0,H1B2G1,H1B1G1,1,0,0,0,1,0,0,1,1
K-0610,NA,K-610,NA,K-610,NA,75,33,NA,NA,7.2,6,NA,NA,NA,NA,NA,75,0,NA,NA,NA,NA,NA,NA,NA,NA,NA,NA,NA,NA,NA,ST_AN_K-610_HTSeq_genecounts.tsv,2021,ST_AN_K-610,33.97746751,305,C:G,0,H1B1G1,H1B1G2,1,1,0,0,0,0,0,0,2
K-0611,NA,K-611,NA,K-611,NA,49,33,NA,NA,8.6,5,NA,NA,NA,NA,NA,49,0,NA,NA,NA,NA,NA,NA,NA,NA,NA,NA,NA,NA,NA,ST_AN_K-611_HTSeq_genecounts.tsv,2021,ST_AN_K-611,33.75269324,353,C:G,0,H1B1G2,H1B1G1,1,1,0,0,0,0,0,0,2
K-0617,NA,K-617,NA,K-617,NA,71,33,NA,NA,6.7,6,NA,NA,NA,NA,NA,71,4,NA,NA,NA,NA,NA,NA,NA,NA,NA,NA,NA,NA,NA,ST_AN_K-617_HTSeq_genecounts.tsv,2021,ST_AN_K-617,34.13173662,333,C:G,0,H2A2G2,H1B2G1,0,0,0,0,1,0,0,0,1
K-0620,NA,K-620,NA,K-620,NA,77,34,NA,NA,6.4,6,NA,NA,NA,NA,NA,77,4,NA,NA,NA,NA,NA,NA,NA,NA,NA,NA,NA,NA,NA,ST_AN_K-620_HTSeq_genecounts.tsv,2021,ST_AN_K-620,39.2540663,392,C:G,0,H1B1G1,H1B1G1,2,0,0,0,0,0,0,0,1
K-0622,NA,K-622,NA,K-622,NA,62,33,NA,NA,7.6,5,NA,NA,NA,NA,NA,62,0,NA,NA,NA,NA,NA,NA,NA,NA,NA,NA,NA,NA,NA,ST_AN_K-622_HTSeq_genecounts.tsv,2021,ST_AN_K-622,33.18036023,272,C:C,0,H1B2G1,H1B1G2,0,1,0,0,1,0,0,0,1
K-0625,NA,K-625,NA,K-625,NA,89,33,NA,NA,6.2,5,NA,NA,NA,NA,NA,89,3,NA,NA,NA,NA,NA,NA,NA,NA,NA,NA,NA,NA,NA,ST_AN_K-625_HTSeq_genecounts.tsv,2021,ST_AN_K-625,33.60829829,218,C:C,0,H1B1G1,H2A1G2,1,0,0,0,0,0,1,0,1
K-0653,NA,K-653,NA,K-653,NA,59,33,NA,NA,5.3,7,NA,NA,NA,NA,NA,59,0,NA,NA,NA,NA,NA,NA,NA,NA,NA,NA,NA,NA,NA,ST_AN_K-653_HTSeq_genecounts.tsv,2021,ST_AN_K-653,39.62555337,259,C:C,0,H1B2G1,H1B1G1,1,0,0,0,1,0,0,0,1
K-0665,NA,K-665,NA,K-665,NA,78,34,NA,NA,6.9,5,NA,NA,NA,NA,NA,78,4,NA,NA,NA,NA,NA,NA,NA,NA,NA,NA,NA,NA,NA,ST_AN_K-665_HTSeq_genecounts.tsv,2021,ST_AN_K-665,34.24440583,241,C:G,0,H1B1G2,H1B2G1,0,1,0,0,1,0,0,0,5
K-0666,NA,K-666,NA,K-666,NA,23,33,NA,NA,7.5,6,NA,NA,NA,NA,NA,23,0,NA,NA,NA,NA,NA,NA,NA,NA,NA,NA,NA,NA,NA,ST_AN_K-666_HTSeq_genecounts.tsv,2021,ST_AN_K-666,40.39533646,304,C:C,0,H1B2G1,H2A1G2,0,0,0,0,1,0,1,0,1
K-0669,NA,K-669,NA,K-669,NA,59,33,NA,NA,8.3,7,NA,NA,NA,NA,NA,59,0,NA,NA,NA,NA,NA,NA,NA,NA,NA,NA,NA,NA,NA,ST_AN_K-669_HTSeq_genecounts.tsv,2021,ST_AN_K-669,41.2702675,406,G:G,0,H1B1G1,H2A1G2,1,0,0,0,0,0,1,0,1
K-0670,NA,K-670,NA,K-670,NA,60,33,NA,NA,5.3,7,NA,NA,NA,NA,NA,60,3,NA,NA,NA,NA,NA,NA,NA,NA,NA,NA,NA,NA,NA,ST_AN_K-670_HTSeq_genecounts.tsv,2021,ST_AN_K-670,42.73603347,159,G:G,0,H1B1G2,H1B1G1,1,1,0,0,0,0,0,1,2
K-0673,NA,K-673,NA,K-673,NA,81,33,NA,NA,7.5,7,NA,NA,NA,NA,NA,81,0,NA,NA,NA,NA,NA,NA,NA,NA,NA,NA,NA,NA,NA,ST_AN_K-673_HTSeq_genecounts.tsv,2021,ST_AN_K-673,38.52701058,265,C:G,0,H1B1G1,H2A1G2,1,0,0,0,0,0,1,0,1
K-0688,NA,K-688,NA,K-688,NA,67,23,NA,NA,8,7,NA,NA,NA,NA,NA,67,3,NA,NA,NA,NA,NA,NA,NA,NA,NA,NA,NA,NA,NA,ST_AN_K-688_HTSeq_genecounts.tsv,2021,ST_AN_K-688,39.00813841,326,C:G,0,H1B1G1,H1B1G1,2,0,0,0,0,0,0,0,2
K-0690,NA,K-690,NA,K-690,NA,85,23,NA,NA,7.2,7,NA,NA,NA,NA,NA,85,4,NA,NA,NA,NA,NA,NA,NA,NA,NA,NA,NA,NA,NA,ST_AN_K-690_HTSeq_genecounts.tsv,2021,ST_AN_K-690,38.89219401,301,C:G,0,H2A1G2,H1B1G1,1,0,0,0,0,0,1,0,1
K-0691,NA,K-691,NA,K-691,NA,84,24,NA,NA,7.4,5,NA,NA,NA,NA,NA,84,3,NA,NA,NA,NA,NA,NA,NA,NA,NA,NA,NA,NA,NA,ST_AN_K-691_HTSeq_genecounts.tsv,2021,ST_AN_K-691,33.82318949,287,G:G,0,H1B1G1,H2A1G2,1,0,0,0,0,0,1,0,1
K-0695,NA,K-695,NA,K-695,NA,70,34,NA,NA,6.5,6,NA,NA,NA,NA,NA,70,4,NA,NA,NA,NA,NA,NA,NA,NA,NA,NA,NA,NA,NA,ST_AN_K-695_HTSeq_genecounts.tsv,2021,ST_AN_K-695,34.87136677,189,G:G,0,H2A2G2,H2A1G2,0,0,0,0,0,0,1,1,1
K-0696,NA,K-696,NA,K-696,NA,79,23,NA,NA,5.7,7,NA,NA,NA,NA,NA,79,3,NA,NA,NA,NA,NA,NA,NA,NA,NA,NA,NA,NA,NA,ST_AN_K-696_HTSeq_genecounts.tsv,2021,ST_AN_K-696,39.68879769,273,C:G,0,H1B1G1,NA,NA,NA,NA,NA,NA,NA,NA,0,1
K-0700,NA,K-700,NA,K-700,NA,77,33,NA,NA,7.6,5,NA,NA,NA,NA,NA,77,2,NA,NA,NA,NA,NA,NA,NA,NA,NA,NA,NA,NA,NA,ST_AN_K-700_HTSeq_genecounts.tsv,2021,ST_AN_K-700,34.7675824,211,C:G,0,H1B1G2,H1B1G1,1,1,0,0,0,0,0,0,2
K-0703,NA,K-703,NA,K-703,NA,81,33,NA,NA,6,6,NA,NA,NA,NA,NA,81,3,NA,NA,NA,NA,NA,NA,NA,NA,NA,NA,NA,NA,NA,ST_AN_K-703_HTSeq_genecounts.tsv,2021,ST_AN_K-703,45.66575697,293,C:C,0,H1B1G3,H2A1G2,0,0,1,0,0,0,1,0,1
K-0706,NA,K-706,NA,K-706,NA,72,33,NA,NA,8.5,6,NA,NA,NA,NA,NA,72,4,NA,NA,NA,NA,NA,NA,NA,NA,NA,NA,NA,NA,NA,ST_AN_K-706_HTSeq_genecounts.tsv,2021,ST_AN_K-706,34.60677898,279,C:C,0,H1B1G1,H2A1G2,1,0,0,0,0,0,1,0,1
K-0711,NA,K-711,NA,K-711,NA,75,34,NA,NA,6.6,5,NA,NA,NA,NA,NA,75,0,NA,NA,NA,NA,NA,NA,NA,NA,NA,NA,NA,NA,NA,ST_AN_K-711_HTSeq_genecounts.tsv,2021,ST_AN_K-711,36.23081426,350,C:G,0,H1B2G1,H2A2G2,0,0,0,0,1,0,0,0,1
K-0712,NA,K-712,NA,K-712,NA,72,33,NA,NA,8,5,NA,NA,NA,NA,NA,72,3,NA,NA,NA,NA,NA,NA,NA,NA,NA,NA,NA,NA,NA,ST_AN_K-712_HTSeq_genecounts.tsv,2021,ST_AN_K-712,40.02200157,285,G:G,0,H1B2G1,H1B1G2,0,1,0,0,1,0,0,1,1
K-0726,NA,K-726,NA,K-726,NA,97,33,NA,NA,8.2,5,NA,NA,NA,NA,NA,97,3,NA,NA,NA,NA,NA,NA,NA,NA,NA,NA,NA,NA,NA,ST_AN_K-726_HTSeq_genecounts.tsv,2021,ST_AN_K-726,33.02051577,322,C:G,0,H2A1G2,H1B2G1,0,0,0,0,1,0,1,1,1
K-0729,NA,K-729,NA,K-729,NA,97,34,NA,NA,7.9,7,NA,NA,NA,NA,NA,97,4,NA,NA,NA,NA,NA,NA,NA,NA,NA,NA,NA,NA,NA,ST_AN_K-729_HTSeq_genecounts.tsv,2021,ST_AN_K-729,36.07082075,222,G:G,0,H1B1G3,H1B1G1,1,0,1,0,0,0,0,1,1
K-0735,NA,K-735,NA,K-735,NA,86,33,NA,NA,6.1,5,NA,NA,NA,NA,NA,86,4,NA,NA,NA,NA,NA,NA,NA,NA,NA,NA,NA,NA,NA,ST_AN_K-735_HTSeq_genecounts.tsv,2021,ST_AN_K-735,36.01657972,115,C:G,0,H1B2G1,H1B1G1,1,0,0,0,1,0,0,0,1
K-0742,NA,K-742,NA,K-742,NA,76,34,NA,NA,6.1,6,NA,NA,NA,NA,NA,76,0,NA,NA,NA,NA,NA,NA,NA,NA,NA,NA,NA,NA,NA,ST_AN_K-742_HTSeq_genecounts.tsv,2021,ST_AN_K-742,34.31235024,213,C:G,0,H1B2G1,H1B1G1,1,0,0,0,1,0,0,1,1
K-0743,NA,K-743,NA,K-743,NA,32,33,NA,NA,7.2,6,NA,NA,NA,NA,NA,32,3,NA,NA,NA,NA,NA,NA,NA,NA,NA,NA,NA,NA,NA,ST_AN_K-743_HTSeq_genecounts.tsv,2021,ST_AN_K-743,40.07402389,447,C:G,0,H1B1G1,H1B1G1,2,0,0,0,0,0,0,0,1
K-0750,NA,K-750,NA,K-750,NA,79,33,NA,NA,7.8,7,NA,NA,NA,NA,NA,79,4,NA,NA,NA,NA,NA,NA,NA,NA,NA,NA,NA,NA,NA,ST_AN_K-750_HTSeq_genecounts.tsv,2021,ST_AN_K-750,48.98418235,283,C:G,0,H1B1G3,H1B1G1,1,0,1,0,0,0,0,1,1
K-0755,NA,K-755,NA,K-755,NA,65,34,NA,NA,6.3,5,NA,NA,NA,NA,NA,65,0,NA,NA,NA,NA,NA,NA,NA,NA,NA,NA,NA,NA,NA,ST_AN_K-755_HTSeq_genecounts.tsv,2021,ST_AN_K-755,33.37425083,289,G:G,0,H1B1G1,NA,NA,NA,NA,NA,NA,NA,NA,0,1
K-0756,NA,K-756,NA,K-756,NA,68,33,NA,NA,7.6,7,NA,NA,NA,NA,NA,68,2,NA,NA,NA,NA,NA,NA,NA,NA,NA,NA,NA,NA,NA,ST_AN_K-756_HTSeq_genecounts.tsv,2021,ST_AN_K-756,38.16265139,367,C:G,0,H1B2G1,H1B1G2,0,1,0,0,1,0,0,1,1
K-0757,NA,K-757,NA,K-757,NA,80,34,NA,NA,7.9,6,NA,NA,NA,NA,NA,80,3,NA,NA,NA,NA,NA,NA,NA,NA,NA,NA,NA,NA,NA,ST_AN_K-757_HTSeq_genecounts.tsv,2021,ST_AN_K-757,33.36610296,326,C:G,0,H1B1G1,H1B2G1,1,0,0,0,1,0,0,0,1
K-0758,NA,K-758,NA,K-758,NA,93,33,NA,NA,7.4,7,NA,NA,NA,NA,NA,93,3,NA,NA,NA,NA,NA,NA,NA,NA,NA,NA,NA,NA,NA,ST_AN_K-758_HTSeq_genecounts.tsv,2021,ST_AN_K-758,37.18151703,605,C:G,0,H1B1G1,H2A1G2,1,0,0,0,0,0,1,0,1
K-0763,NA,K-763,NA,K-763,NA,81,33,NA,NA,7.4,6,NA,NA,NA,NA,NA,81,3,NA,NA,NA,NA,NA,NA,NA,NA,NA,NA,NA,NA,NA,ST_AN_K-763_HTSeq_genecounts.tsv,2021,ST_AN_K-763,34.49545779,362,C:G,0,H1B2G1,H1B2G1,0,0,0,0,2,0,0,0,1
K-0772,NA,K-772,NA,K-772,NA,82,33,NA,NA,5.8,5,NA,NA,NA,NA,NA,82,3,NA,NA,NA,NA,NA,NA,NA,NA,NA,NA,NA,NA,NA,ST_AN_K-772_HTSeq_genecounts.tsv,2021,ST_AN_K-772,45.8429449,330,C:G,0,H1B1G1,H1B1G1,2,0,0,0,0,0,0,0,2
K-0774,NA,K-774,NA,K-774,NA,73,44,NA,NA,7.7,7,NA,NA,NA,NA,NA,73,3,NA,NA,NA,NA,NA,NA,NA,NA,NA,NA,NA,NA,NA,ST_AN_K-774_HTSeq_genecounts.tsv,2021,ST_AN_K-774,34.83144435,414,C:G,0,H1B1G1,H2A2G2,1,0,0,0,0,0,0,1,2
K-0775,NA,K-775,NA,K-775,NA,75,33,NA,NA,7.8,7,NA,NA,NA,NA,NA,75,3,NA,NA,NA,NA,NA,NA,NA,NA,NA,NA,NA,NA,NA,ST_AN_K-775_HTSeq_genecounts.tsv,2021,ST_AN_K-775,42.24303963,307,C:C,0,H1B2G1,H2A1G2,0,0,0,0,1,0,1,0,1
K-0780,NA,K-780,NA,K-780,NA,88,34,NA,NA,8.4,6,NA,NA,NA,NA,NA,88,0,NA,NA,NA,NA,NA,NA,NA,NA,NA,NA,NA,NA,NA,ST_AN_K-780_HTSeq_genecounts.tsv,2021,ST_AN_K-780,41.85491321,512,G:G,0,H1B1G2,H1B1G2,0,2,0,0,0,0,0,1,1
K-0794,NA,K-794,NA,K-794,NA,69,33,NA,NA,8,5,NA,NA,NA,NA,NA,69,2,NA,NA,NA,NA,NA,NA,NA,NA,NA,NA,NA,NA,NA,ST_AN_K-794_HTSeq_genecounts.tsv,2021,ST_AN_K-794,51.41405299,650,C:C,0,H1B2G1,H2A2G2,0,0,0,0,1,0,0,0,1
K-0795,NA,K-795,NA,K-795,NA,85,34,NA,NA,7,7,NA,NA,NA,NA,NA,85,0,NA,NA,NA,NA,NA,NA,NA,NA,NA,NA,NA,NA,NA,ST_AN_K-795_HTSeq_genecounts.tsv,2021,ST_AN_K-795,44.43348303,297,G:G,0,H1B1G1,H1B1G1,2,0,0,0,0,0,0,0,1
K-0805,NA,K-805,NA,K-805,NA,59,34,NA,NA,6.4,7,NA,NA,NA,NA,NA,59,0,NA,NA,NA,NA,NA,NA,NA,NA,NA,NA,NA,NA,NA,ST_AN_K-805_HTSeq_genecounts.tsv,2021,ST_AN_K-805,43.46754309,271,C:G,0,H1B1G1,H1B2G1,1,0,0,0,1,0,0,0,1
K-0806,NA,K-806,NA,K-806,NA,30,33,NA,NA,6.1,5,NA,NA,NA,NA,NA,30,1,NA,NA,NA,NA,NA,NA,NA,NA,NA,NA,NA,NA,NA,ST_AN_K-806_HTSeq_genecounts.tsv,2021,ST_AN_K-806,43.33781407,311,C:C,0,H1B2G1,H1B1G2,0,1,0,0,1,0,0,0,1
K-0812,NA,K-812,NA,K-812,NA,85,34,NA,NA,5.5,6,NA,NA,NA,NA,NA,85,0,NA,NA,NA,NA,NA,NA,NA,NA,NA,NA,NA,NA,NA,ST_AN_K-812_HTSeq_genecounts.tsv,2021,ST_AN_K-812,34.11684615,343,C:G,0,H1B1G1,H1B2G1,1,0,0,0,1,0,0,0,1
K-0814,NA,K-814,NA,K-814,NA,69,34,NA,NA,6.7,7,NA,NA,NA,NA,NA,69,0,NA,NA,NA,NA,NA,NA,NA,NA,NA,NA,NA,NA,NA,ST_AN_K-814_HTSeq_genecounts.tsv,2021,ST_AN_K-814,45.06760758,273,C:G,0,H1B3G1,H2A1G2,0,0,0,0,0,1,1,0,1
K-0818,NA,K-818,NA,K-818,NA,74,33,NA,NA,8,6,NA,NA,NA,NA,NA,74,3,NA,NA,NA,NA,NA,NA,NA,NA,NA,NA,NA,NA,NA,ST_AN_K-818_HTSeq_genecounts.tsv,2021,ST_AN_K-818,41.60773007,400,C:G,0,H1B2G1,H1B2G1,0,0,0,0,2,0,0,0,6
K-0826,NA,K-826,NA,K-826,NA,75,33,NA,NA,6.7,5,NA,NA,NA,NA,NA,75,4,NA,NA,NA,NA,NA,NA,NA,NA,NA,NA,NA,NA,NA,ST_AN_K-826_HTSeq_genecounts.tsv,2021,ST_AN_K-826,32.74660498,313,C:C,0,H1B1G1,H1B1G1,2,0,0,0,0,0,0,0,1
K-0828,NA,K-828,NA,K-828,NA,27,33,NA,NA,8,6,NA,NA,NA,NA,NA,27,1,NA,NA,NA,NA,NA,NA,NA,NA,NA,NA,NA,NA,NA,ST_AN_K-828_HTSeq_genecounts.tsv,2021,ST_AN_K-828,38.33211797,359,G:G,0,H1B1G1,H1B1G1,2,0,0,0,0,0,0,1,2
K-0833,NA,K-833,NA,K-833,NA,79,34,NA,NA,7.8,5,NA,NA,NA,NA,NA,79,0,NA,NA,NA,NA,NA,NA,NA,NA,NA,NA,NA,NA,NA,ST_AN_K-833_HTSeq_genecounts.tsv,2021,ST_AN_K-833,42.22709431,380,C:G,0,H1B2G1,H1B1G3,0,0,1,0,1,0,0,1,1
K-0837,NA,K-837,NA,K-837,NA,60,33,NA,NA,8.5,7,NA,NA,NA,NA,NA,60,1,NA,NA,NA,NA,NA,NA,NA,NA,NA,NA,NA,NA,NA,ST_AN_K-837_HTSeq_genecounts.tsv,2021,ST_AN_K-837,46.63985557,187,G:G,0,H1B2G1,H2A1G2,0,0,0,0,1,0,1,1,1
K-0844,NA,K-844,NA,K-844,NA,80,34,NA,NA,7.5,7,NA,NA,NA,NA,NA,80,4,NA,NA,NA,NA,NA,NA,NA,NA,NA,NA,NA,NA,NA,ST_AN_K-844_HTSeq_genecounts.tsv,2021,ST_AN_K-844,40.45592899,172,C:G,0,H1B2G1,H1B1G1,1,0,0,0,1,0,0,0,1
K-0845,NA,K-845,NA,K-845,NA,77,33,NA,NA,6.4,5,NA,NA,NA,NA,NA,77,3,NA,NA,NA,NA,NA,NA,NA,NA,NA,NA,NA,NA,NA,ST_AN_K-845_HTSeq_genecounts.tsv,2021,ST_AN_K-845,35.1168165,192,C:C,0,H1B1G1,H2A1G2,1,0,0,0,0,0,1,0,1
K-0847,NA,K-847,NA,K-847,NA,72,34,NA,NA,5.5,7,NA,NA,NA,NA,NA,72,0,NA,NA,NA,NA,NA,NA,NA,NA,NA,NA,NA,NA,NA,ST_AN_K-847_HTSeq_genecounts.tsv,2021,ST_AN_K-847,35.52338374,204,C:G,0,H1B1G1,H2A2G2,1,0,0,0,0,0,0,0,1
K-0853,NA,K-853,NA,K-853,NA,49,34,NA,NA,8.4,6,NA,NA,NA,NA,NA,49,0,NA,NA,NA,NA,NA,NA,NA,NA,NA,NA,NA,NA,NA,ST_AN_K-853_HTSeq_genecounts.tsv,2021,ST_AN_K-853,38.66662989,278,C:G,0,H1B2G1,H1B2G1,0,0,0,0,2,0,0,0,1
K-0872,NA,K-872,NA,K-872,NA,80,34,NA,NA,6.4,7,NA,NA,NA,NA,NA,80,3,NA,NA,NA,NA,NA,NA,NA,NA,NA,NA,NA,NA,NA,ST_AN_K-872_HTSeq_genecounts.tsv,2021,ST_AN_K-872,45.28896032,171,C:G,0,H2A1G2,H2A1G2,0,0,0,0,0,0,2,0,1
K-0875,NA,K-875,NA,K-875,NA,97,34,NA,NA,7.5,5,NA,NA,NA,NA,NA,97,0,NA,NA,NA,NA,NA,NA,NA,NA,NA,NA,NA,NA,NA,ST_AN_K-875_HTSeq_genecounts.tsv,2021,ST_AN_K-875,41.79477285,236,C:G,0,H1B2G1,H1B1G2,0,1,0,0,1,0,0,0,1
K-0876,NA,K-876,NA,K-876,NA,73,44,NA,NA,7,5,NA,NA,NA,NA,NA,73,4,NA,NA,NA,NA,NA,NA,NA,NA,NA,NA,NA,NA,NA,ST_AN_K-876_HTSeq_genecounts.tsv,2021,ST_AN_K-876,33.60541026,176,C:G,0,H1B1G3,H2A1G2,0,0,1,0,0,0,1,0,1
K-0877,NA,K-877,NA,K-877,NA,84,33,NA,NA,6.9,6,NA,NA,NA,NA,NA,84,4,NA,NA,NA,NA,NA,NA,NA,NA,NA,NA,NA,NA,NA,ST_AN_K-877_HTSeq_genecounts.tsv,2021,ST_AN_K-877,49.28277112,230,C:G,0,H1B1G1,H1B1G1,2,0,0,0,0,0,0,0,1
K-0879,NA,K-879,NA,K-879,NA,79,33,NA,NA,6.7,7,NA,NA,NA,NA,NA,79,4,NA,NA,NA,NA,NA,NA,NA,NA,NA,NA,NA,NA,NA,ST_AN_K-879_HTSeq_genecounts.tsv,2021,ST_AN_K-879,40.30498525,226,C:C,0,H1B2G1,H2A1G2,0,0,0,0,1,0,1,0,1
K-0880,NA,K-880,NA,K-880,NA,88,33,NA,NA,7.3,5,NA,NA,NA,NA,NA,88,4,NA,NA,NA,NA,NA,NA,NA,NA,NA,NA,NA,NA,NA,ST_AN_K-880_HTSeq_genecounts.tsv,2021,ST_AN_K-880,33.44868551,391,G:G,0,H1B1G1,H2A2G2,1,0,0,0,0,0,0,0,6
K-0887,NA,K-887,NA,K-887,NA,63,34,NA,NA,7.9,5,NA,NA,NA,NA,NA,63,0,NA,NA,NA,NA,NA,NA,NA,NA,NA,NA,NA,NA,NA,ST_AN_K-887_HTSeq_genecounts.tsv,2021,ST_AN_K-887,35.47644554,390,C:C,0,H1B1G1,H1B2G1,1,0,0,0,1,0,0,0,1
K-0892,NA,K-892,NA,K-892,NA,65,44,NA,NA,5.6,5,NA,NA,NA,NA,NA,65,0,NA,NA,NA,NA,NA,NA,NA,NA,NA,NA,NA,NA,NA,ST_AN_K-892_HTSeq_genecounts.tsv,2021,ST_AN_K-892,33.71313768,113,C:G,0,H1B1G2,H1B1G1,1,1,0,0,0,0,0,0,1
K-0903,NA,K-903,NA,K-903,NA,78,33,NA,NA,7.8,6,NA,NA,NA,NA,NA,78,4,NA,NA,NA,NA,NA,NA,NA,NA,NA,NA,NA,NA,NA,ST_AN_K-903_HTSeq_genecounts.tsv,2021,ST_AN_K-903,34.49284013,262,C:C,0,H1B1G1,H1B2G1,1,0,0,0,1,0,0,0,1
K-0930,NA,K-930,NA,K-930,NA,79,34,NA,NA,6.6,6,NA,NA,NA,NA,NA,79,4,NA,NA,NA,NA,NA,NA,NA,NA,NA,NA,NA,NA,NA,ST_AN_K-930_HTSeq_genecounts.tsv,2021,ST_AN_K-930,36.820567,237,C:G,0,H1B2G1,H1B1G1,1,0,0,0,1,0,0,0,1
K-0931,NA,K-931,NA,K-931,NA,66,34,NA,NA,5.8,5,NA,NA,NA,NA,NA,66,3,NA,NA,NA,NA,NA,NA,NA,NA,NA,NA,NA,NA,NA,ST_AN_K-931_HTSeq_genecounts.tsv,2021,ST_AN_K-931,32.96015193,257,C:G,0,H1B2G1,H1B1G1,1,0,0,0,1,0,0,1,1
K-0954,NA,K-954,NA,K-954,NA,69,44,NA,NA,6.1,6,NA,NA,NA,NA,NA,69,0,NA,NA,NA,NA,NA,NA,NA,NA,NA,NA,NA,NA,NA,ST_AN_K-954_HTSeq_genecounts.tsv,2021,ST_AN_K-954,37.86635188,236,C:C,0,H1B1G2,H1B1G1,1,1,0,0,0,0,0,1,1
NA,NA,ST_AN_K-437,NA,NA,NA,NA,NA,NA,NA,NA,NA,NA,NA,NA,NA,NA,NA,NA,NA,NA,NA,NA,NA,NA,NA,NA,NA,NA,NA,NA,NA,NA,NA,NA,NA,NA,NA,1,NA,NA,NA,NA,NA,NA,NA,NA,NA,NA,NA
NA,NA,ST_AN_K-505,NA,NA,NA,NA,NA,NA,NA,NA,NA,NA,NA,NA,NA,NA,NA,NA,NA,NA,NA,NA,NA,NA,NA,NA,NA,NA,NA,NA,NA,NA,NA,NA,NA,NA,NA,2,NA,NA,NA,NA,NA,NA,NA,NA,NA,NA,NA
NA,NA,ST_AN_K-547,NA,NA,NA,NA,NA,NA,NA,NA,NA,NA,NA,NA,NA,NA,NA,NA,NA,NA,NA,NA,NA,NA,NA,NA,NA,NA,NA,NA,NA,NA,NA,NA,NA,NA,NA,3,NA,NA,NA,NA,NA,NA,NA,NA,NA,NA,NA
NA,NA,ST_AN_K-551,NA,NA,NA,NA,NA,NA,NA,NA,NA,NA,NA,NA,NA,NA,NA,NA,NA,NA,NA,NA,NA,NA,NA,NA,NA,NA,NA,NA,NA,NA,NA,NA,NA,NA,NA,3,NA,NA,NA,NA,NA,NA,NA,NA,NA,NA,NA
NA,NA,ST_AN_K-553,NA,NA,NA,NA,NA,NA,NA,NA,NA,NA,NA,NA,NA,NA,NA,NA,NA,NA,NA,NA,NA,NA,NA,NA,NA,NA,NA,NA,NA,NA,NA,NA,NA,NA,NA,3,NA,NA,NA,NA,NA,NA,NA,NA,NA,NA,NA
NA,NA,ST_AN_K-559,NA,NA,NA,NA,NA,NA,NA,NA,NA,NA,NA,NA,NA,NA,NA,NA,NA,NA,NA,NA,NA,NA,NA,NA,NA,NA,NA,NA,NA,NA,NA,NA,NA,NA,NA,2,NA,NA,NA,NA,NA,NA,NA,NA,NA,NA,NA
NA,NA,ST_AN_K-571,NA,NA,NA,NA,NA,NA,NA,NA,NA,NA,NA,NA,NA,NA,NA,NA,NA,NA,NA,NA,NA,NA,NA,NA,NA,NA,NA,NA,NA,NA,NA,NA,NA,NA,NA,1,NA,NA,NA,NA,NA,NA,NA,NA,NA,NA,NA
NA,NA,ST_AN_K-578,NA,NA,NA,NA,NA,NA,NA,NA,NA,NA,NA,NA,NA,NA,NA,NA,NA,NA,NA,NA,NA,NA,NA,NA,NA,NA,NA,NA,NA,NA,NA,NA,NA,NA,NA,1,NA,NA,NA,NA,NA,NA,NA,NA,NA,NA,NA
NA,NA,ST_AN_K-580,NA,NA,NA,NA,NA,NA,NA,NA,NA,NA,NA,NA,NA,NA,NA,NA,NA,NA,NA,NA,NA,NA,NA,NA,NA,NA,NA,NA,NA,NA,NA,NA,NA,NA,NA,3,NA,NA,NA,NA,NA,NA,NA,NA,NA,NA,NA
NA,NA,ST_AN_K-591,NA,NA,NA,NA,NA,NA,NA,NA,NA,NA,NA,NA,NA,NA,NA,NA,NA,NA,NA,NA,NA,NA,NA,NA,NA,NA,NA,NA,NA,NA,NA,NA,NA,NA,NA,1,NA,NA,NA,NA,NA,NA,NA,NA,NA,NA,NA
NA,NA,ST_AN_K-617,NA,NA,NA,NA,NA,NA,NA,NA,NA,NA,NA,NA,NA,NA,NA,NA,NA,NA,NA,NA,NA,NA,NA,NA,NA,NA,NA,NA,NA,NA,NA,NA,NA,NA,NA,2,NA,NA,NA,NA,NA,NA,NA,NA,NA,NA,NA
NA,NA,ST_AN_K-310,NA,NA,NA,NA,NA,NA,NA,NA,NA,NA,NA,NA,NA,NA,NA,NA,NA,NA,NA,NA,NA,NA,NA,NA,NA,NA,NA,NA,NA,NA,NA,NA,NA,NA,NA,1,NA,NA,NA,NA,NA,NA,NA,NA,NA,NA,NA
NA,NA,ST_AN_K-334,NA,NA,NA,NA,NA,NA,NA,NA,NA,NA,NA,NA,NA,NA,NA,NA,NA,NA,NA,NA,NA,NA,NA,NA,NA,NA,NA,NA,NA,NA,NA,NA,NA,NA,NA,1,NA,NA,NA,NA,NA,NA,NA,NA,NA,NA,NA
NA,NA,ST_AN_K-335,NA,NA,NA,NA,NA,NA,NA,NA,NA,NA,NA,NA,NA,NA,NA,NA,NA,NA,NA,NA,NA,NA,NA,NA,NA,NA,NA,NA,NA,NA,NA,NA,NA,NA,NA,3,NA,NA,NA,NA,NA,NA,NA,NA,NA,NA,NA
NA,NA,ST_AN_K-341,NA,NA,NA,NA,NA,NA,NA,NA,NA,NA,NA,NA,NA,NA,NA,NA,NA,NA,NA,NA,NA,NA,NA,NA,NA,NA,NA,NA,NA,NA,NA,NA,NA,NA,NA,2,NA,NA,NA,NA,NA,NA,NA,NA,NA,NA,NA
NA,NA,ST_AN_K-364,NA,NA,NA,NA,NA,NA,NA,NA,NA,NA,NA,NA,NA,NA,NA,NA,NA,NA,NA,NA,NA,NA,NA,NA,NA,NA,NA,NA,NA,NA,NA,NA,NA,NA,NA,3,NA,NA,NA,NA,NA,NA,NA,NA,NA,NA,NA
NA,NA,ST_AN_K-366,NA,NA,NA,NA,NA,NA,NA,NA,NA,NA,NA,NA,NA,NA,NA,NA,NA,NA,NA,NA,NA,NA,NA,NA,NA,NA,NA,NA,NA,NA,NA,NA,NA,NA,NA,1,NA,NA,NA,NA,NA,NA,NA,NA,NA,NA,NA
NA,NA,ST_AN_K-393,NA,NA,NA,NA,NA,NA,NA,NA,NA,NA,NA,NA,NA,NA,NA,NA,NA,NA,NA,NA,NA,NA,NA,NA,NA,NA,NA,NA,NA,NA,NA,NA,NA,NA,NA,2,NA,NA,NA,NA,NA,NA,NA,NA,NA,NA,NA
NA,NA,ST_AN_K-402,NA,NA,NA,NA,NA,NA,NA,NA,NA,NA,NA,NA,NA,NA,NA,NA,NA,NA,NA,NA,NA,NA,NA,NA,NA,NA,NA,NA,NA,NA,NA,NA,NA,NA,NA,2,NA,NA,NA,NA,NA,NA,NA,NA,NA,NA,NA
NA,NA,ST_AN_K-419,NA,NA,NA,NA,NA,NA,NA,NA,NA,NA,NA,NA,NA,NA,NA,NA,NA,NA,NA,NA,NA,NA,NA,NA,NA,NA,NA,NA,NA,NA,NA,NA,NA,NA,NA,2,NA,NA,NA,NA,NA,NA,NA,NA,NA,NA,NA
NA,NA,ST_AN_K-772,NA,NA,NA,NA,NA,NA,NA,NA,NA,NA,NA,NA,NA,NA,NA,NA,NA,NA,NA,NA,NA,NA,NA,NA,NA,NA,NA,NA,NA,NA,NA,NA,NA,NA,NA,1,NA,NA,NA,NA,NA,NA,NA,NA,NA,NA,NA
NA,NA,ST_AN_K-461,NA,NA,NA,NA,NA,NA,NA,NA,NA,NA,NA,NA,NA,NA,NA,NA,NA,NA,NA,NA,NA,NA,NA,NA,NA,NA,NA,NA,NA,NA,NA,NA,NA,NA,NA,1,NA,NA,NA,NA,NA,NA,NA,NA,NA,NA,NA
NA,NA,ST_AN_K-464,NA,NA,NA,NA,NA,NA,NA,NA,NA,NA,NA,NA,NA,NA,NA,NA,NA,NA,NA,NA,NA,NA,NA,NA,NA,NA,NA,NA,NA,NA,NA,NA,NA,NA,NA,2,NA,NA,NA,NA,NA,NA,NA,NA,NA,NA,NA
NA,NA,ST_AN_K-826,NA,NA,NA,NA,NA,NA,NA,NA,NA,NA,NA,NA,NA,NA,NA,NA,NA,NA,NA,NA,NA,NA,NA,NA,NA,NA,NA,NA,NA,NA,NA,NA,NA,NA,NA,3,NA,NA,NA,NA,NA,NA,NA,NA,NA,NA,NA
NA,NA,ST_AN_K-540,NA,NA,NA,NA,NA,NA,NA,NA,NA,NA,NA,NA,NA,NA,NA,NA,NA,NA,NA,NA,NA,NA,NA,NA,NA,NA,NA,NA,NA,NA,NA,NA,NA,NA,NA,2,NA,NA,NA,NA,NA,NA,NA,NA,NA,NA,NA
NA,NA,ST_AN_K-837,NA,NA,NA,NA,NA,NA,NA,NA,NA,NA,NA,NA,NA,NA,NA,NA,NA,NA,NA,NA,NA,NA,NA,NA,NA,NA,NA,NA,NA,NA,NA,NA,NA,NA,NA,2,NA,NA,NA,NA,NA,NA,NA,NA,NA,NA,NA
NA,NA,ST_AN_K-844,NA,NA,NA,NA,NA,NA,NA,NA,NA,NA,NA,NA,NA,NA,NA,NA,NA,NA,NA,NA,NA,NA,NA,NA,NA,NA,NA,NA,NA,NA,NA,NA,NA,NA,NA,3,NA,NA,NA,NA,NA,NA,NA,NA,NA,NA,NA
NA,NA,ST_AN_K-845,NA,NA,NA,NA,NA,NA,NA,NA,NA,NA,NA,NA,NA,NA,NA,NA,NA,NA,NA,NA,NA,NA,NA,NA,NA,NA,NA,NA,NA,NA,NA,NA,NA,NA,NA,1,NA,NA,NA,NA,NA,NA,NA,NA,NA,NA,NA
NA,NA,ST_AN_K-872,NA,NA,NA,NA,NA,NA,NA,NA,NA,NA,NA,NA,NA,NA,NA,NA,NA,NA,NA,NA,NA,NA,NA,NA,NA,NA,NA,NA,NA,NA,NA,NA,NA,NA,NA,3,NA,NA,NA,NA,NA,NA,NA,NA,NA,NA,NA
NA,NA,ST_AN_K-876,NA,NA,NA,NA,NA,NA,NA,NA,NA,NA,NA,NA,NA,NA,NA,NA,NA,NA,NA,NA,NA,NA,NA,NA,NA,NA,NA,NA,NA,NA,NA,NA,NA,NA,NA,3,NA,NA,NA,NA,NA,NA,NA,NA,NA,NA,NA
NA,NA,ST_AN_K-877,NA,NA,NA,NA,NA,NA,NA,NA,NA,NA,NA,NA,NA,NA,NA,NA,NA,NA,NA,NA,NA,NA,NA,NA,NA,NA,NA,NA,NA,NA,NA,NA,NA,NA,NA,3,NA,NA,NA,NA,NA,NA,NA,NA,NA,NA,NA
NA,NA,ST_AN_K-879,NA,NA,NA,NA,NA,NA,NA,NA,NA,NA,NA,NA,NA,NA,NA,NA,NA,NA,NA,NA,NA,NA,NA,NA,NA,NA,NA,NA,NA,NA,NA,NA,NA,NA,NA,3,NA,NA,NA,NA,NA,NA,NA,NA,NA,NA,NA
NA,NA,ST_AN_K-880,NA,NA,NA,NA,NA,NA,NA,NA,NA,NA,NA,NA,NA,NA,NA,NA,NA,NA,NA,NA,NA,NA,NA,NA,NA,NA,NA,NA,NA,NA,NA,NA,NA,NA,NA,2,NA,NA,NA,NA,NA,NA,NA,NA,NA,NA,NA
NA,NA,ST_AN_K-594,NA,NA,NA,NA,NA,NA,NA,NA,NA,NA,NA,NA,NA,NA,NA,NA,NA,NA,NA,NA,NA,NA,NA,NA,NA,NA,NA,NA,NA,NA,NA,NA,NA,NA,NA,2,NA,NA,NA,NA,NA,NA,NA,NA,NA,NA,NA
NA,NA,ST_AN_K-930,NA,NA,NA,NA,NA,NA,NA,NA,NA,NA,NA,NA,NA,NA,NA,NA,NA,NA,NA,NA,NA,NA,NA,NA,NA,NA,NA,NA,NA,NA,NA,NA,NA,NA,NA,1,NA,NA,NA,NA,NA,NA,NA,NA,NA,NA,NA
NA,NA,ST_AN_K-620,NA,NA,NA,NA,NA,NA,NA,NA,NA,NA,NA,NA,NA,NA,NA,NA,NA,NA,NA,NA,NA,NA,NA,NA,NA,NA,NA,NA,NA,NA,NA,NA,NA,NA,NA,1,NA,NA,NA,NA,NA,NA,NA,NA,NA,NA,NA
NA,NA,ST_AN_K-625,NA,NA,NA,NA,NA,NA,NA,NA,NA,NA,NA,NA,NA,NA,NA,NA,NA,NA,NA,NA,NA,NA,NA,NA,NA,NA,NA,NA,NA,NA,NA,NA,NA,NA,NA,3,NA,NA,NA,NA,NA,NA,NA,NA,NA,NA,NA
NA,NA,ST_AN_K-688,NA,NA,NA,NA,NA,NA,NA,NA,NA,NA,NA,NA,NA,NA,NA,NA,NA,NA,NA,NA,NA,NA,NA,NA,NA,NA,NA,NA,NA,NA,NA,NA,NA,NA,NA,3,NA,NA,NA,NA,NA,NA,NA,NA,NA,NA,NA
NA,NA,ST_AN_K-312,NA,NA,NA,NA,NA,NA,NA,NA,NA,NA,NA,NA,NA,NA,NA,NA,NA,NA,NA,NA,NA,NA,NA,NA,NA,NA,NA,NA,NA,NA,NA,NA,NA,NA,NA,1,NA,NA,NA,NA,NA,NA,NA,NA,NA,NA,NA
NA,NA,ST_AN_K-327,NA,NA,NA,NA,NA,NA,NA,NA,NA,NA,NA,NA,NA,NA,NA,NA,NA,NA,NA,NA,NA,NA,NA,NA,NA,NA,NA,NA,NA,NA,NA,NA,NA,NA,NA,1,NA,NA,NA,NA,NA,NA,NA,NA,NA,NA,NA
NA,NA,ST_AN_K-695,NA,NA,NA,NA,NA,NA,NA,NA,NA,NA,NA,NA,NA,NA,NA,NA,NA,NA,NA,NA,NA,NA,NA,NA,NA,NA,NA,NA,NA,NA,NA,NA,NA,NA,NA,3,NA,NA,NA,NA,NA,NA,NA,NA,NA,NA,NA
NA,NA,ST_AN_K-696,NA,NA,NA,NA,NA,NA,NA,NA,NA,NA,NA,NA,NA,NA,NA,NA,NA,NA,NA,NA,NA,NA,NA,NA,NA,NA,NA,NA,NA,NA,NA,NA,NA,NA,NA,3,NA,NA,NA,NA,NA,NA,NA,NA,NA,NA,NA
NA,NA,ST_AN_K-340,NA,NA,NA,NA,NA,NA,NA,NA,NA,NA,NA,NA,NA,NA,NA,NA,NA,NA,NA,NA,NA,NA,NA,NA,NA,NA,NA,NA,NA,NA,NA,NA,NA,NA,NA,3,NA,NA,NA,NA,NA,NA,NA,NA,NA,NA,NA
NA,NA,ST_AN_K-703,NA,NA,NA,NA,NA,NA,NA,NA,NA,NA,NA,NA,NA,NA,NA,NA,NA,NA,NA,NA,NA,NA,NA,NA,NA,NA,NA,NA,NA,NA,NA,NA,NA,NA,NA,3,NA,NA,NA,NA,NA,NA,NA,NA,NA,NA,NA
NA,NA,ST_AN_K-352,NA,NA,NA,NA,NA,NA,NA,NA,NA,NA,NA,NA,NA,NA,NA,NA,NA,NA,NA,NA,NA,NA,NA,NA,NA,NA,NA,NA,NA,NA,NA,NA,NA,NA,NA,1,NA,NA,NA,NA,NA,NA,NA,NA,NA,NA,NA
NA,NA,ST_AN_K-353,NA,NA,NA,NA,NA,NA,NA,NA,NA,NA,NA,NA,NA,NA,NA,NA,NA,NA,NA,NA,NA,NA,NA,NA,NA,NA,NA,NA,NA,NA,NA,NA,NA,NA,NA,2,NA,NA,NA,NA,NA,NA,NA,NA,NA,NA,NA
NA,NA,ST_AN_K-362,NA,NA,NA,NA,NA,NA,NA,NA,NA,NA,NA,NA,NA,NA,NA,NA,NA,NA,NA,NA,NA,NA,NA,NA,NA,NA,NA,NA,NA,NA,NA,NA,NA,NA,NA,3,NA,NA,NA,NA,NA,NA,NA,NA,NA,NA,NA
NA,NA,ST_AN_K-729,NA,NA,NA,NA,NA,NA,NA,NA,NA,NA,NA,NA,NA,NA,NA,NA,NA,NA,NA,NA,NA,NA,NA,NA,NA,NA,NA,NA,NA,NA,NA,NA,NA,NA,NA,2,NA,NA,NA,NA,NA,NA,NA,NA,NA,NA,NA
NA,NA,ST_AN_K-735,NA,NA,NA,NA,NA,NA,NA,NA,NA,NA,NA,NA,NA,NA,NA,NA,NA,NA,NA,NA,NA,NA,NA,NA,NA,NA,NA,NA,NA,NA,NA,NA,NA,NA,NA,3,NA,NA,NA,NA,NA,NA,NA,NA,NA,NA,NA
NA,NA,ST_AN_K-367,NA,NA,NA,NA,NA,NA,NA,NA,NA,NA,NA,NA,NA,NA,NA,NA,NA,NA,NA,NA,NA,NA,NA,NA,NA,NA,NA,NA,NA,NA,NA,NA,NA,NA,NA,3,NA,NA,NA,NA,NA,NA,NA,NA,NA,NA,NA
NA,NA,ST_AN_K-756,NA,NA,NA,NA,NA,NA,NA,NA,NA,NA,NA,NA,NA,NA,NA,NA,NA,NA,NA,NA,NA,NA,NA,NA,NA,NA,NA,NA,NA,NA,NA,NA,NA,NA,NA,2,NA,NA,NA,NA,NA,NA,NA,NA,NA,NA,NA
NA,NA,ST_AN_K-757,NA,NA,NA,NA,NA,NA,NA,NA,NA,NA,NA,NA,NA,NA,NA,NA,NA,NA,NA,NA,NA,NA,NA,NA,NA,NA,NA,NA,NA,NA,NA,NA,NA,NA,NA,3,NA,NA,NA,NA,NA,NA,NA,NA,NA,NA,NA
NA,NA,ST_AN_K-408,NA,NA,NA,NA,NA,NA,NA,NA,NA,NA,NA,NA,NA,NA,NA,NA,NA,NA,NA,NA,NA,NA,NA,NA,NA,NA,NA,NA,NA,NA,NA,NA,NA,NA,NA,2,NA,NA,NA,NA,NA,NA,NA,NA,NA,NA,NA
NA,NA,ST_AN_K-763,NA,NA,NA,NA,NA,NA,NA,NA,NA,NA,NA,NA,NA,NA,NA,NA,NA,NA,NA,NA,NA,NA,NA,NA,NA,NA,NA,NA,NA,NA,NA,NA,NA,NA,NA,2,NA,NA,NA,NA,NA,NA,NA,NA,NA,NA,NA
NA,NA,ST_AN_K-467,NA,NA,NA,NA,NA,NA,NA,NA,NA,NA,NA,NA,NA,NA,NA,NA,NA,NA,NA,NA,NA,NA,NA,NA,NA,NA,NA,NA,NA,NA,NA,NA,NA,NA,NA,1,NA,NA,NA,NA,NA,NA,NA,NA,NA,NA,NA
NA,NA,ST_AN_K-458,NA,NA,NA,NA,NA,NA,NA,NA,NA,NA,NA,NA,NA,NA,NA,NA,NA,NA,NA,NA,NA,NA,NA,NA,NA,NA,NA,NA,NA,NA,NA,NA,NA,NA,NA,3,NA,NA,NA,NA,NA,NA,NA,NA,NA,NA,NA
NA,NA,ST_AN_K-775,NA,NA,NA,NA,NA,NA,NA,NA,NA,NA,NA,NA,NA,NA,NA,NA,NA,NA,NA,NA,NA,NA,NA,NA,NA,NA,NA,NA,NA,NA,NA,NA,NA,NA,NA,2,NA,NA,NA,NA,NA,NA,NA,NA,NA,NA,NA
NA,NA,ST_AN_K-794,NA,NA,NA,NA,NA,NA,NA,NA,NA,NA,NA,NA,NA,NA,NA,NA,NA,NA,NA,NA,NA,NA,NA,NA,NA,NA,NA,NA,NA,NA,NA,NA,NA,NA,NA,2,NA,NA,NA,NA,NA,NA,NA,NA,NA,NA,NA
NA,NA,ST_AN_K-670,NA,NA,NA,NA,NA,NA,NA,NA,NA,NA,NA,NA,NA,NA,NA,NA,NA,NA,NA,NA,NA,NA,NA,NA,NA,NA,NA,NA,NA,NA,NA,NA,NA,NA,NA,3,NA,NA,NA,NA,NA,NA,NA,NA,NA,NA,NA
NA,NA,ST_AN_K-487,NA,NA,NA,NA,NA,NA,NA,NA,NA,NA,NA,NA,NA,NA,NA,NA,NA,NA,NA,NA,NA,NA,NA,NA,NA,NA,NA,NA,NA,NA,NA,NA,NA,NA,NA,3,NA,NA,NA,NA,NA,NA,NA,NA,NA,NA,NA
NA,NA,ST_AN_SLI-177,NA,NA,NA,NA,NA,NA,NA,NA,NA,NA,NA,NA,NA,NA,NA,NA,NA,NA,NA,NA,NA,NA,NA,NA,NA,NA,NA,NA,NA,NA,NA,NA,NA,NA,NA,1,NA,NA,NA,NA,NA,NA,NA,NA,NA,NA,NA
NA,NA,ST_AN_K-828,NA,NA,NA,NA,NA,NA,NA,NA,NA,NA,NA,NA,NA,NA,NA,NA,NA,NA,NA,NA,NA,NA,NA,NA,NA,NA,NA,NA,NA,NA,NA,NA,NA,NA,NA,2,NA,NA,NA,NA,NA,NA,NA,NA,NA,NA,NA
NA,NA,ST_AN_K-758,NA,NA,NA,NA,NA,NA,NA,NA,NA,NA,NA,NA,NA,NA,NA,NA,NA,NA,NA,NA,NA,NA,NA,NA,NA,NA,NA,NA,NA,NA,NA,NA,NA,NA,NA,2,NA,NA,NA,NA,NA,NA,NA,NA,NA,NA,NA
NA,NA,ST_AN_K-389,NA,NA,NA,NA,NA,NA,NA,NA,NA,NA,NA,NA,NA,NA,NA,NA,NA,NA,NA,NA,NA,NA,NA,NA,NA,NA,NA,NA,NA,NA,NA,NA,NA,NA,NA,3,NA,NA,NA,NA,NA,NA,NA,NA,NA,NA,NA
NA,NA,ST_AN_K-690,NA,NA,NA,NA,NA,NA,NA,NA,NA,NA,NA,NA,NA,NA,NA,NA,NA,NA,NA,NA,NA,NA,NA,NA,NA,NA,NA,NA,NA,NA,NA,NA,NA,NA,NA,1,NA,NA,NA,NA,NA,NA,NA,NA,NA,NA,NA
NA,NA,ST_AN_K-691,NA,NA,NA,NA,NA,NA,NA,NA,NA,NA,NA,NA,NA,NA,NA,NA,NA,NA,NA,NA,NA,NA,NA,NA,NA,NA,NA,NA,NA,NA,NA,NA,NA,NA,NA,3,NA,NA,NA,NA,NA,NA,NA,NA,NA,NA,NA
NA,NA,ST_AN_K-903,NA,NA,NA,NA,NA,NA,NA,NA,NA,NA,NA,NA,NA,NA,NA,NA,NA,NA,NA,NA,NA,NA,NA,NA,NA,NA,NA,NA,NA,NA,NA,NA,NA,NA,NA,2,NA,NA,NA,NA,NA,NA,NA,NA,NA,NA,NA
NA,NA,ST_AN_K-712,NA,NA,NA,NA,NA,NA,NA,NA,NA,NA,NA,NA,NA,NA,NA,NA,NA,NA,NA,NA,NA,NA,NA,NA,NA,NA,NA,NA,NA,NA,NA,NA,NA,NA,NA,2,NA,NA,NA,NA,NA,NA,NA,NA,NA,NA,NA
NA,NA,ST_AN_K-700,NA,NA,NA,NA,NA,NA,NA,NA,NA,NA,NA,NA,NA,NA,NA,NA,NA,NA,NA,NA,NA,NA,NA,NA,NA,NA,NA,NA,NA,NA,NA,NA,NA,NA,NA,1,NA,NA,NA,NA,NA,NA,NA,NA,NA,NA,NA
NA,NA,ST_AN_K-774,NA,NA,NA,NA,NA,NA,NA,NA,NA,NA,NA,NA,NA,NA,NA,NA,NA,NA,NA,NA,NA,NA,NA,NA,NA,NA,NA,NA,NA,NA,NA,NA,NA,NA,NA,2,NA,NA,NA,NA,NA,NA,NA,NA,NA,NA,NA
NA,NA,ST_AN_K-665,NA,NA,NA,NA,NA,NA,NA,NA,NA,NA,NA,NA,NA,NA,NA,NA,NA,NA,NA,NA,NA,NA,NA,NA,NA,NA,NA,NA,NA,NA,NA,NA,NA,NA,NA,3,NA,NA,NA,NA,NA,NA,NA,NA,NA,NA,NA
NA,NA,ST_AN_K-743,NA,NA,NA,NA,NA,NA,NA,NA,NA,NA,NA,NA,NA,NA,NA,NA,NA,NA,NA,NA,NA,NA,NA,NA,NA,NA,NA,NA,NA,NA,NA,NA,NA,NA,NA,2,NA,NA,NA,NA,NA,NA,NA,NA,NA,NA,NA
NA,NA,ST_AN_K-931,NA,NA,NA,NA,NA,NA,NA,NA,NA,NA,NA,NA,NA,NA,NA,NA,NA,NA,NA,NA,NA,NA,NA,NA,NA,NA,NA,NA,NA,NA,NA,NA,NA,NA,NA,3,NA,NA,NA,NA,NA,NA,NA,NA,NA,NA,NA
NA,NA,ST_AN_K-818,NA,NA,NA,NA,NA,NA,NA,NA,NA,NA,NA,NA,NA,NA,NA,NA,NA,NA,NA,NA,NA,NA,NA,NA,NA,NA,NA,NA,NA,NA,NA,NA,NA,NA,NA,3,NA,NA,NA,NA,NA,NA,NA,NA,NA,NA,NA
NA,NA,ST_AN_K-806,NA,NA,NA,NA,NA,NA,NA,NA,NA,NA,NA,NA,NA,NA,NA,NA,NA,NA,NA,NA,NA,NA,NA,NA,NA,NA,NA,NA,NA,NA,NA,NA,NA,NA,NA,2,NA,NA,NA,NA,NA,NA,NA,NA,NA,NA,NA
NA,NA,ST_AN_K-706,NA,NA,NA,NA,NA,NA,NA,NA,NA,NA,NA,NA,NA,NA,NA,NA,NA,NA,NA,NA,NA,NA,NA,NA,NA,NA,NA,NA,NA,NA,NA,NA,NA,NA,NA,1,NA,NA,NA,NA,NA,NA,NA,NA,NA,NA,NA
NA,NA,ST_AN_K-750,NA,NA,NA,NA,NA,NA,NA,NA,NA,NA,NA,NA,NA,NA,NA,NA,NA,NA,NA,NA,NA,NA,NA,NA,NA,NA,NA,NA,NA,NA,NA,NA,NA,NA,NA,1,NA,NA,NA,NA,NA,NA,NA,NA,NA,NA,NA
NA,NA,ST_AN_K-726,NA,NA,NA,NA,NA,NA,NA,NA,NA,NA,NA,NA,NA,NA,NA,NA,NA,NA,NA,NA,NA,NA,NA,NA,NA,NA,NA,NA,NA,NA,NA,NA,NA,NA,NA,1,NA,NA,NA,NA,NA,NA,NA,NA,NA,NA,NA
SLI-106,57,CTES_0057,CTE_34,SLI-106,9990,58,34,T:T,C,7,3,CTES,176.1649781,NA,2469.470941,358.8044785,58,3,0,1,19,52,19,12,1,0,1,27,NA,NA,3.39260392,CTES-0057_HTSeq_genecounts.tsv,2018,CTES_0057,NA,NA,NA,2,H1B1G3,H1B1G1,1,0,1,0,0,0,0,0,1
SLI-107,11,CTES_0011,CTE_34,SLI-107,8926,66,33,C:T,CG,8.5,1,CTES,156.7715104,NA,41653.49266,NA,66,4,0,1,19,56,19,11,1,1,1,36,1380.469918,3.140026947,4.619651423,CTES-0011_HTSeq_genecounts.tsv,2018,CTES_0011,NA,NA,NA,2,H1B2G1,H1B2G1,0,0,0,0,2,0,0,1,1
SLI-111,28,RHIN_0028,RHI,SLI-111,7650,54,33,NA,C,7.9,2,RHI,NA,137.0873686,230.1186535,NA,54,0,0,1,6,47,6,10,1,0,1,38,13.20694949,1.120802517,2.361951824,RHIN-0028_HTSeq_genecounts.tsv,2018,RHIN_0028,NA,NA,NA,0,H1B1G1,H1B2G1,1,0,0,0,1,0,0,0,1
SLI-115,41,CTES_0041,CTE_34,SLI-115,9210,69,34,C:T,CG,6.4,2,CTES,250.9028857,195.2886802,289187.1567,NA,69,4,1,1,12,60,12,10,1,1,1,47,1882.939362,3.274836334,5.461179001,CTES-0041_HTSeq_genecounts.tsv,2018,CTES_0041,NA,NA,NA,3,H1B1G1,H1B1G1,2,0,0,0,0,0,0,0,1
SLI-116,27,RHIN_0027,RHI,SLI-116,8634,42,34,NA,G,6.8,2,RHI,96.84256161,96.42108057,479.6616628,489.4932598,42,1,0,1,12,30,12,9,1,0,NA,21,5.393324684,0.731856566,2.680935009,RHIN-0027_HTSeq_genecounts.tsv,2018,RHIN_0027,NA,NA,NA,3,H1B2G1,H1B1G1,1,0,0,0,1,0,0,0,NA
SLI-117,1,RHIN_0001,RHI,SLI-117,7964,18,33,NA,CG,7.5,1,RHI,92.22460018,144.1488846,126.2761291,NA,18,0,0,1,9,NA,9,9,1,0,1,0,6.377817817,0.804672109,2.10132126,RHIN-0001_HTSeq_genecounts.tsv,2018,RHIN_0001,NA,NA,NA,0,NA,NA,NA,NA,NA,NA,NA,NA,NA,NA,1
SLI-120,81,CTES_0081,CTE_34,SLI-120,7927,69,33,NA,C,7.2,4,CTES,207.2491027,250.9758558,173421.6737,268.923485,69,4,1,1,23,52,23,7,1,1,1,39,2068.162326,3.315584623,5.239103373,CTES-0081_HTSeq_genecounts.tsv,2018,CTES_0081,NA,NA,NA,1,NA,NA,NA,NA,NA,NA,NA,NA,NA,NA,1
SLI-121,76,RHIN_0076,RHI,SLI-121,7490,22,34,C:C,G,8,4,RHI,121.2452093,143.9534946,142.6458915,320.0198352,22,0,0,1,10,14,10,8,1,0,1,4,8.644311853,0.936730426,2.154259268,RHIN-0076_HTSeq_genecounts.tsv,2018,RHIN_0076,NA,NA,NA,0,H1B2G1,H1B2G1,0,0,0,0,2,0,0,0,1
SLI-128,36,CTES_0036,CTE_34,SLI-128,8965,79,23,T:T,C,6.7,2,CTES,239.0174078,NA,201210.7532,NA,79,4,0,1,15,72,15,17,1,1,1,47,10.5068312,1.021471755,5.303651187,CTES-0036_HTSeq_genecounts.tsv,2018,CTES_0036,NA,NA,NA,3,H1B1G1,H1B2G1,1,0,0,0,1,0,0,0,1
SLI-130,15,CTES_0015,CTE_34,SLI-130,7641,91,23,C:T,CG,7.6,1,CTES,167.4188746,236.8223899,17838.01517,235.5225219,91,4,1,1,7,83,7,14,1,1,1,70,NA,NA,4.251346529,CTES-0015_HTSeq_genecounts.tsv,2018,CTES_0015,NA,NA,NA,1,H1B2G1,H2A1G2,0,0,0,0,1,0,1,0,1
SLI-132,52,RHIN_0052,RHI,SLI-132,8145,72,33,NA,C,6.8,3,RHI,116.9327786,89.81079213,414.2749539,NA,72,NA,NA,NA,NA,57,42,18,6,0,1,12,39.06268444,1.591762085,2.617288678,RHIN-0052_HTSeq_genecounts.tsv,2018,RHIN_0052,NA,NA,NA,0,H1B1G3,H1B1G1,1,0,1,0,0,0,0,0,1
SLI-138,67,CTES_0067,CTE_34,SLI-138,7145,78,44,NA,CG,8.1,3,CTES,315.8918545,282.3102474,43061.75993,NA,78,4,1,1,19,30,19,14,1,1,1,45,2034.408082,3.308438072,4.634091775,CTES-0067_HTSeq_genecounts.tsv,2018,CTES_0067,NA,NA,NA,1,NA,NA,NA,NA,NA,NA,NA,NA,NA,NA,1
SLI-141,13,CTES_0013,CTE_34,SLI-141,7748,82,34,C:T,CG,6.6,1,CTES,205.3241161,171.7585755,59065.62319,NA,82,4,0,1,11,67,11,13,1,1,1,58,2004.653255,3.302039263,4.77133479,CTES-0013_HTSeq_genecounts.tsv,2018,CTES_0013,NA,NA,NA,1,H1B2G1,H2A1G2,0,0,0,0,1,0,1,1,1
SLI-151,51,CTEM_0051,CTE_12,SLI-151,9782,27,33,C:T,CG,7,3,CTEM,75.07406768,141.4994552,80.53910061,NA,27,1,0,1,1,21,1,13,1,0,1,13,0.63009444,-0.200594353,1.906006775,CTEM-0051_HTSeq_genecounts.tsv,2018,CTEM_0051,NA,NA,NA,2,H1B1G2,H1B1G1,1,1,0,0,0,0,0,0,1
SLI-154,38,CTES_0038,CTE_34,SLI-154,6119,75,34,T:T,C,4.6,2,CTES,292.2616599,36.12324312,NA,NA,75,4,0,2,18,58,18,14,1,1,1,43,466.2535998,2.668622198,NA,CTES-0038_HTSeq_genecounts.tsv,2018,CTES_0038,NA,NA,NA,3,H1B2G1,H1B1G1,1,0,0,0,1,0,0,1,1
SLI-156,46,CTES_0046,CTE_34,SLI-156,6295,71,33,T:T,C,6.1,2,CTES,132.7003155,241.7257971,9195.291477,NA,71,3,0,1,22,58,22,14,1,0,1,35,NA,NA,3.9635655,CTES-0046_HTSeq_genecounts.tsv,2018,CTES_0046,NA,NA,NA,1,H2A1G2,NA,NA,NA,NA,NA,NA,NA,NA,0,1
SLI-16,16,CTES_0016,CTE_34,SLI-16,6075,61,44,NA,G,5.2,1,CTES,225.2524874,53.94306291,515222.9605,278.4080693,61,4,1,2,12,53,12,11,1,1,1,38,NA,NA,5.711995209,CTES-0016_HTSeq_genecounts.tsv,2018,CTES_0016,NA,NA,NA,3,NA,NA,NA,NA,NA,NA,NA,NA,NA,NA,1
SLI-161,2,RHIN_0002,RHI,SLI-161,7794,51,33,T:T,C,4.4,1,RHI,226.4645382,NA,316.0668019,NA,51,NA,NA,NA,NA,NA,NA,NA,NA,0,1,NA,6.744412177,0.828944104,2.499778882,RHIN-0002_HTSeq_genecounts.tsv,2018,RHIN_0002,NA,NA,NA,0,NA,NA,NA,NA,NA,NA,NA,NA,NA,NA,1
SLI-164,62,CTES_0062,CTE_34,SLI-164,9362,70,34,T:T,C,8.3,3,CTES,218.2147853,230.0274653,43583.65384,NA,70,4,0,1,16,65,16,12,1,0,1,42,908.7880251,2.958462596,4.639323637,CTES-0062_HTSeq_genecounts.tsv,2018,CTES_0062,NA,NA,NA,1,H1B2G1,H1B1G1,1,0,0,0,1,0,0,0,1
SLI-166,50,CTEM_0050,CTE_12,SLI-166,8179,66,33,C:T,CG,6.7,3,CTEM,140.5644007,122.3970851,NA,290.3750625,66,1,0,1,4,61,4,14,1,0,1,48,1.561108879,0.193433194,NA,CTEM-0050_HTSeq_genecounts.tsv,2018,CTEM_0050,NA,NA,NA,3,H1B1G1,H2A1G2,1,0,0,0,0,0,1,0,1
SLI-167,40,CTES_0040,CTE_34,SLI-167,8896,75,33,T:T,C,8.1,2,CTES,259.0125129,217.5600036,20306.729,310.0216405,75,4,1,1,17,60,17,13,1,1,1,45,1402.510406,3.146906092,4.307639973,CTES-0040_HTSeq_genecounts.tsv,2018,CTES_0040,NA,NA,NA,1,H1B1G1,H1B1G1,2,0,0,0,0,0,0,1,1
SLI-169,73,CTES_0073,CTE_34,SLI-169,8719,84,33,C:C,G,5.9,3,CTES,170.1778468,199.2624425,1361.172787,NA,84,3,0,2,8,74,8,14,1,1,1,62,NA,NA,3.133913258,CTES-0073_HTSeq_genecounts.tsv,2018,CTES_0073,NA,NA,NA,2,H1B1G1,H1B1G1,2,0,0,0,0,0,0,1,1
SLI-170,54,CTEM_0054,CTE_12,SLI-170,9835,51,33,C:T,CG,7.4,3,CTEM,153.4088449,127.9823839,2922.28606,320.5764431,51,1,0,1,3,50,3,7,1,0,1,41,2.605072196,0.415819764,3.465722726,CTEM-0054_HTSeq_genecounts.tsv,2018,CTEM_0054,NA,NA,NA,2,H1B1G1,H1B1G1,2,0,0,0,0,0,0,0,1
SLI-171,NA,SLI-171,NA,SLI-171,NA,NA,44,NA,NA,5.7,7,NA,NA,NA,NA,NA,75,0,NA,NA,NA,NA,NA,NA,NA,NA,NA,NA,NA,NA,NA,ST_AN_SLI-171_HTSeq_genecounts.tsv,2021,ST_AN_SLI-171,36.38053861,236,C:G,0,NA,NA,NA,NA,NA,NA,NA,NA,NA,NA,NA
SLI-172,29,CTEM_0029,CTE_12,SLI-172,7100,34,33,C:T,CG,8.5,2,CTEM,131.1682016,197.6545562,151.888757,233.578938,34,1,0,1,7,32,7,12,1,0,1,15,NA,NA,2.181525628,CTEM-0029_HTSeq_genecounts.tsv,2018,CTEM_0029,NA,NA,NA,1,H1B1G2,H1B1G2,0,2,0,0,0,0,0,0,1
SLI-173,7,CTES_0007,CTE_34,SLI-173,8712,46,34,T:T,C,5.3,1,CTES,203.4786224,112.6636847,14165.30649,467.6863157,46,3,0,1,20,41,20,11,1,0,1,15,NA,NA,4.151225976,CTES-0007_HTSeq_genecounts.tsv,2018,CTES_0007,NA,NA,NA,2,H1B2G1,H1B1G1,1,0,0,0,1,0,0,0,1
SLI-177,NA,SLI-177,NA,SLI-177,NA,NA,34,NA,NA,9.2,7,NA,NA,NA,NA,NA,25,2,NA,NA,NA,NA,NA,NA,NA,NA,NA,NA,NA,NA,NA,ST_AN_SLI-177_HTSeq_genecounts.tsv,2021,ST_AN_SLI-177,50.66159625,309,C:G,0,H1B2G1,H1B1G1,1,0,0,0,1,0,0,0,1
SLI-184,79,CTES_0079,CTE_34,SLI-184,9345,70,33,C:T,G,6.8,4,CTES,173.489295,167.5592521,4011.940076,NA,70,4,0,1,24.5,40,47,8,5,1,1,15,NA,NA,3.603354438,CTES-0079_HTSeq_genecounts.tsv,2018,CTES_0079,NA,NA,NA,3,H1B2G1,H2A2G2,0,0,0,0,1,0,0,1,1
SLI-185,12,CTES_0012,CTE_34,SLI-185,6943,82,33,T:T,C,7.5,1,CTES,266.8368615,196.0815822,50455.53677,291.478092,82,4,0,1,14,63,14,14,1,1,1,54,598.6534373,2.77717548,4.702908831,CTES-0012_HTSeq_genecounts.tsv,2018,CTES_0012,NA,NA,NA,3,H1B1G1,H1B1G2,1,1,0,0,0,0,0,0,1
SLI-20,65,CTES_0065,CTE_34,SLI-20,6971,64,23,T:T,NA,5.8,3,CTES,NA,201.7085139,434903.871,NA,64,4,1,1,17,49,17,10,1,1,1,37,NA,NA,5.638393273,CTES-0065_HTSeq_genecounts.tsv,2018,CTES_0065,NA,NA,NA,3,H1B1G2,H1B1G1,1,1,0,0,0,0,0,0,1
SLI-203,64,CTES_0064,CTE_34,SLI-203,9434,79,33,C:T,CG,6.8,3,CTES,154.666754,140.6589612,88527.74059,186.3247073,79,4,0,2,33,63,33,10,1,1,1,36,1486.63301,3.172203772,4.94707938,CTES-0064_HTSeq_genecounts.tsv,2018,CTES_0064,NA,NA,NA,3,H1B1G1,H1B2G1,1,0,0,0,1,0,0,0,1
SLI-23,35,CTES_0035,CTE_34,SLI-23,8395,76,23,NA,C,5.4,2,CTES,206.2790208,40.3876951,3486.073919,296.5039429,76,4,0,1,14,71,14,12,1,1,1,50,NA,NA,3.542336592,CTES-0035_HTSeq_genecounts.tsv,2018,CTES_0035,NA,NA,NA,3,NA,NA,NA,NA,NA,NA,NA,NA,NA,NA,1
SLI-73,61,CTES_0061,CTE_34,SLI-73,8616,84,33,NA,CG,4.4,3,CTES,189.3378984,108.4701431,18101.81001,439.2237594,84,4,0,1,20,69,20,14,1,1,2,50,NA,NA,4.257722002,CTES-0061_HTSeq_genecounts.tsv,2018,CTES_0061,NA,NA,NA,2,NA,NA,NA,NA,NA,NA,NA,NA,NA,NA,2
SLI-79,74,CTEM_0074,CTE_12,SLI-79,8306,56,34,NA,C,5.3,4,CTEM,135.4920815,87.30581439,357.178323,NA,56,1,0,1,10,53,10,14,1,1,1,32,NA,NA,2.552885094,CTEM-0074_HTSeq_genecounts.tsv,2018,CTEM_0074,NA,NA,NA,2,NA,NA,NA,NA,NA,NA,NA,NA,NA,NA,1
SLI-84,23,CTES_0023,CTE_34,SLI-84,9739,65,24,NA,CG,6.6,1,CTES,120.4490288,146.2143542,25220.98994,275.1557513,65,3,0,2,25,35,25,8,1,1,1,32,NA,NA,4.401762129,CTES-0023_HTSeq_genecounts.tsv,2018,CTES_0023,NA,NA,NA,3,NA,NA,NA,NA,NA,NA,NA,NA,NA,NA,1
SLI-85,31,CTEM_0031,CTE_12,SLI-85,8473,56,33,T:T,C,8.4,2,CTEM,257.7645356,NA,10372.35854,429.9212415,56,2,0,1,8,53,8,10,1,1,1,38,NA,NA,4.015877521,CTEM-0031_HTSeq_genecounts.tsv,2018,CTEM_0031,NA,NA,NA,3,H1B2G1,H1B2G1,0,0,0,0,2,0,0,0,1
SLI-89,47,CTES_0047,CTE_34,SLI-89,9404,64,34,NA,C,4.4,2,CTES,247.2396953,69.93504554,190104.1391,168.2280799,64,4,0,1,9,49,11,13,1,1,1,40,NA,NA,5.278991573,CTES-0047_HTSeq_genecounts.tsv,2018,CTES_0047,NA,NA,NA,3,NA,NA,NA,NA,NA,NA,NA,NA,NA,NA,1
SLI-96,24,CTES_0024,CTE_34,SLI-96,9482,93,34,NA,CG,6.9,1,CTES,186.1048953,133.8778421,967.3661422,412.0561556,93,4,0,1,NA,76,4,18,3,1,1,71,NA,NA,2.985590883,CTES-0024_HTSeq_genecounts.tsv,2018,CTES_0024,NA,NA,NA,3,NA,NA,NA,NA,NA,NA,NA,NA,NA,NA,1
